"Te";"over";"cOver";"m";"M"
8;0.47058823529411764;0.09411764705882353;13;14
4;0.08695652173913043;0.03278688524590164;5;47
30;0.47619047619047616;0.2727272727272727;34;61
42;0.6086956521739131;0.40384615384615385;46;67
49;0.3402777777777778;0.28994082840236685;56;139
33;0.5789473684210527;0.34375;42;50
7;0.11475409836065574;0.05263157894736842;9;61
5;0.078125;0.037037037037037035;10;61
6;0.2222222222222222;0.06060606060606061;9;26
33;0.532258064516129;0.3235294117647059;41;56
6;0.07142857142857142;0.0379746835443038;7;85
27;0.43548387096774194;0.2727272727272727;44;47
6;0.75;0.07407407407407407;8;8
3;0.10714285714285714;0.02857142857142857;4;29
6;0.5454545454545454;0.07228915662650602;9;10
6;0.06382978723404255;0.03592814371257485;8;94
9;0.06521739130434782;0.0430622009569378;10;139
17;0.288135593220339;0.1440677966101695;22;56
22;0.6875;0.2558139534883721;27;29
2;0.11764705882352941;0.021739130434782608;6;15
0;0.0;0;1;4
17;0.27419354838709675;0.13709677419354838;19;62
14;0.23333333333333334;0.112;16;60
39;0.5735294117647058;0.3644859813084112;42;67
4;0.0975609756097561;0.034482758620689655;6;41
25;0.5102040816326531;0.24752475247524752;29;47
78;0.4406779661016949;0.5571428571428572;118;139
57;0.4014084507042254;0.35403726708074534;62;139
18;0.3829787234042553;0.16822429906542055;21;46
6;0.06451612903225806;0.03592814371257485;7;94
35;0.35714285714285715;0.28688524590163933;57;78
12;0.2033898305084746;0.10526315789473684;26;47
23;0.42592592592592593;0.2169811320754717;29;50
41;0.41;0.2949640287769784;42;101
3;0.03225806451612903;0.01764705882352941;4;94
31;0.3924050632911392;0.24603174603174602;34;78
2;0.022727272727272728;0.012195121951219513;5;87
18;0.34615384615384615;0.15789473684210525;19;53
19;0.24050632911392406;0.13768115942028986;22;78
30;0.45454545454545453;0.30303030303030304;48;50
12;0.1935483870967742;0.09448818897637795;16;60
19;0.4523809523809524;0.18811881188118812;22;41
3;0.3333333333333333;0.03571428571428571;6;8
35;0.25925925925925924;0.26717557251908397;85;87
20;0.5405405405405406;0.21052631578947367;23;36
41;0.5125;0.3904761904761905;56;67
14;0.23333333333333334;0.12173913043478261;26;50
17;0.3333333333333333;0.15454545454545454;22;48
5;0.05747126436781609;0.031055900621118012;7;87
5;0.0847457627118644;0.03759398496240601;7;59
4;0.09302325581395349;0.034482758620689655;8;41
3;0.031578947368421054;0.01764705882352941;6;94
12;0.23076923076923078;0.10434782608695652;18;48
39;0.65;0.40625;45;56
17;0.32075471698113206;0.14782608695652175;19;53
7;0.05982905982905983;0.03684210526315789;8;118
1;0.017241379310344827;0.0072992700729927005;2;59
10;0.22727272727272727;0.09009009009009009;14;42
50;0.3424657534246575;0.2976190476190476;59;139
0;0.0;0;1;118
10;0.38461538461538464;0.10869565217391304;15;23
34;0.35789473684210527;0.2764227642276423;53;78
16;0.25396825396825395;0.128;19;62
5;0.15151515151515152;0.05154639175257732;17;23
20;0.20202020202020202;0.13071895424836602;27;94
16;0.11347517730496454;0.07920792079207921;20;139
49;0.532608695652174;0.4188034188034188;56;87
2;0.2222222222222222;0.022988505747126436;3;10
7;0.7777777777777778;0.08536585365853659;8;10
36;0.4444444444444444;0.2975206611570248;41;78
35;0.5072463768115942;0.35;50;56
33;0.2796610169491525;0.2357142857142857;59;94
31;0.22302158273381295;0.1657754010695187;33;139
33;0.4520547945205479;0.3142857142857143;49;59
6;0.05128205128205128;0.031413612565445025;7;118
25;0.36764705882352944;0.24271844660194175;46;49
7;0.13725490196078433;0.05737704918032787;10;50
27;0.4153846153846154;0.26732673267326734;45;49
51;0.4112903225806452;0.3493150684931507;59;118
2;0.25;0.023529411764705882;4;8
24;0.32;0.1951219512195122;33;68
11;0.4583333333333333;0.12087912087912088;14;23
27;0.43548387096774194;0.25;35;56
39;0.5492957746478874;0.38235294117647056;50;62
26;0.33766233766233766;0.23008849557522124;45;60
18;0.3829787234042553;0.16981132075471697;22;45
13;0.14285714285714285;0.08496732026143791;19;87
13;0.2708333333333333;0.11711711711711711;18;45
1;0.05;0.010526315789473684;6;17
57;0.5089285714285714;0.4634146341463415;70;101
8;0.23529411764705882;0.08163265306122448;17;27
61;0.4621212121212121;0.5126050420168067;94;101
25;0.5319148936170213;0.25252525252525254;29;45
18;0.1267605633802817;0.09;23;139
21;0.1794871794871795;0.11931818181818182;22;118
32;0.5;0.3106796116504854;42;56
15;0.28846153846153844;0.13157894736842105;19;50
26;0.5652173913043478;0.2653061224489796;29;45
34;0.4927536231884058;0.32075471698113206;44;61
7;0.1;0.04929577464788732;9;70
3;0.04477611940298507;0.020833333333333332;4;68
50;0.3875968992248062;0.4065040650406504;87;94
43;0.28104575163398693;0.24571428571428572;59;139
6;0.2608695652173913;0.06666666666666667;14;17
2;1.0;0.025;3;3
28;0.35443037974683544;0.23529411764705882;41;68
32;0.3404255319148936;0.22695035460992907;34;94
27;0.5869565217391305;0.2903225806451613;34;41
22;0.2619047619047619;0.18803418803418803;48;60
53;0.452991452991453;0.44166666666666665;78;94
2;0.022988505747126436;0.012195121951219513;4;87
2;0.5;0.024691358024691357;4;4
28;0.56;0.2857142857142857;33;47
10;0.1;0.058823529411764705;11;101
29;0.5;0.29896907216494845;42;47
0;0.0;0;1;118
37;0.46835443037974683;0.3557692307692308;56;62
24;0.43636363636363634;0.2222222222222222;28;53
29;0.3020833333333333;0.21481481481481482;42;85
29;0.3258426966292135;0.2116788321167883;33;87
16;0.13445378151260504;0.08839779005524862;19;118
46;0.44660194174757284;0.34328358208955223;50;101
19;0.2159090909090909;0.15966386554621848;50;59
38;0.4578313253012048;0.31932773109243695;45;78
6;0.8571428571428571;0.07407407407407407;7;8
4;0.03389830508474576;0.02072538860103627;6;118
47;0.46534653465346537;0.373015873015873;56;94
38;0.38;0.2814814814814815;46;94
20;0.4;0.1834862385321101;22;50
46;0.575;0.46;61;67
5;0.07936507936507936;0.03676470588235294;8;62
0;0.0;0;3;4
24;0.6486486486486487;0.2696629213483146;29;34
3;0.42857142857142855;0.03571428571428571;4;8
4;0.3076923076923077;0.045454545454545456;6;13
13;0.22413793103448276;0.104;14;59
11;0.10576923076923077;0.06790123456790123;23;94
18;0.5;0.18556701030927836;20;36
14;0.6086956521739131;0.1590909090909091;16;23
27;0.3103448275862069;0.19424460431654678;29;87
28;0.5714285714285714;0.27722772277227725;29;50
29;0.35802469135802467;0.26605504587155965;53;59
47;0.34306569343065696;0.31333333333333335;68;118
4;0.028985507246376812;0.018691588785046728;5;139
26;0.3939393939393939;0.23214285714285715;35;59
16;0.1568627450980392;0.0975609756097561;19;101
18;0.27692307692307694;0.15384615384615385;29;56
9;0.06521739130434782;0.0430622009569378;10;139
20;0.20408163265306123;0.13071895424836602;26;94
1;0.037037037037037035;0.009615384615384616;4;26
7;0.11290322580645161;0.05263157894736842;10;61
23;0.38333333333333336;0.20535714285714285;29;56
17;0.18478260869565216;0.12878787878787878;41;70
4;0.028985507246376812;0.018691588785046728;5;139
2;0.15384615384615385;0.02197802197802198;3;14
0;0.0;0;1;94
2;0.058823529411764705;0.018018018018018018;4;34
14;0.2641509433962264;0.12389380530973451;21;48
2;0.08;0.019417475728155338;3;26
5;0.3333333333333333;0.056179775280898875;7;15
11;0.1864406779661017;0.08661417322834646;13;59
1;0.008547008547008548;0.00510204081632653;2;118
2;0.3333333333333333;0.024390243902439025;5;5
27;0.2903225806451613;0.18493150684931506;28;94
25;0.5102040816326531;0.2631578947368421;35;41
1;0.01;0.00558659217877095;2;101
67;0.5;0.5153846153846153;85;118
28;0.3373493975903614;0.23529411764705882;45;68
10;0.10752688172043011;0.0641025641025641;18;87
3;0.03488372093023256;0.018404907975460124;4;87
4;0.04;0.022727272727272728;5;101
2;1.0;0.025;3;3
13;0.09352517985611511;0.06341463414634146;15;139
21;0.31343283582089554;0.19626168224299065;41;49
27;0.35064935064935066;0.2076923076923077;28;78
1;0.007142857142857143;0.004608294930875576;4;139
51;0.6538461538461539;0.5204081632653061;61;70
19;0.37254901960784315;0.17272727272727273;22;50
30;0.3191489361702128;0.22388059701492538;41;85
32;0.6153846153846154;0.34782608695652173;41;45
35;0.5303030303030303;0.3333333333333333;42;61
15;0.22727272727272727;0.12;22;61
54;0.5142857142857142;0.453781512605042;67;94
10;0.136986301369863;0.072992700729927;17;68
16;0.8;0.1927710843373494;18;20
34;0.5483870967741935;0.35789473684210527;48;50
27;0.4090909090909091;0.23684210526315788;33;62
35;0.3017241379310345;0.2536231884057971;59;94
20;0.47619047619047616;0.19801980198019803;22;42
18;0.32142857142857145;0.16216216216216217;26;50
29;0.27102803738317754;0.21481481481481482;53;85
32;0.47761194029850745;0.2807017543859649;34;67
4;0.21052631578947367;0.043478260869565216;8;17
27;0.4426229508196721;0.25;34;56
9;0.06428571428571428;0.0430622009569378;12;139
40;0.5;0.39603960396039606;60;62
41;0.6029411764705882;0.41414141414141414;50;61
3;0.038461538461538464;0.01948051948051948;5;78
24;0.26666666666666666;0.1951219512195122;48;68
8;0.06779661016949153;0.042328042328042326;10;118
51;0.4594594594594595;0.4180327868852459;70;94
31;0.3263157894736842;0.21830985915492956;34;94
10;0.2127659574468085;0.08849557522123894;15;44
6;0.10526315789473684;0.046511627906976744;9;56
3;0.13636363636363635;0.03333333333333333;13;14
7;0.7777777777777778;0.08536585365853659;8;10
5;0.036231884057971016;0.023474178403755867;6;139
40;0.3252032520325203;0.31746031746031744;78;87
33;0.4647887323943662;0.32038834951456313;49;57
35;0.43209876543209874;0.30701754385964913;48;70
35;0.5833333333333334;0.3723404255319149;47;50
45;0.28125;0.26011560693641617;68;139
54;0.3776223776223776;0.32926829268292684;60;139
18;0.3050847457627119;0.15;20;59
25;0.5;0.2403846153846154;27;50
40;0.41237113402061853;0.3007518796992481;45;94
9;1.0;0.1125;10;10
34;0.53125;0.3469387755102041;47;53
49;0.3828125;0.37404580152671757;78;101
3;0.15789473684210525;0.03225806451612903;7;17
17;0.34;0.15178571428571427;19;50
17;0.37777777777777777;0.1574074074074074;18;46
8;0.13793103448275862;0.06153846153846154;9;59
13;0.12745098039215685;0.08125;23;94
15;0.28846153846153844;0.13157894736842105;19;50
0;0.0;0;2;8
29;0.4393939393939394;0.29;47;50
29;0.3411764705882353;0.24786324786324787;49;67
39;0.3786407766990291;0.291044776119403;50;94
29;0.3333333333333333;0.2457627118644068;50;68
20;0.36363636363636365;0.19801980198019803;35;42
16;0.24242424242424243;0.128;22;62
6;0.06;0.034482758620689655;7;101
2;0.2222222222222222;0.023529411764705882;5;8
34;0.6666666666666666;0.37777777777777777;42;45
51;0.5666666666666667;0.4434782608695652;56;87
8;0.12121212121212122;0.057971014492753624;9;67
12;0.11764705882352941;0.07142857142857142;15;101
39;0.40625;0.3305084745762712;59;78
26;0.3023255813953488;0.18571428571428572;27;87
13;0.35135135135135137;0.13131313131313133;19;33
15;0.14705882352941177;0.09090909090909091;18;101
1;0.25;0.012048192771084338;2;5
40;0.45977011494252873;0.31746031746031744;42;87
7;0.07777777777777778;0.04929577464788732;29;70
5;0.056818181818181816;0.031055900621118012;8;87
8;0.08602150537634409;0.048484848484848485;9;94
6;0.2857142857142857;0.06315789473684211;7;22
15;0.2112676056338028;0.11194029850746269;18;70
32;0.5079365079365079;0.32989690721649484;47;50
41;0.3904761904761905;0.2949640287769784;47;101
2;0.4;0.024096385542168676;3;6
4;0.0425531914893617;0.023668639053254437;6;94
26;0.2988505747126437;0.18571428571428572;28;87
30;0.30303030303030304;0.22388059701492538;46;85
16;0.19047619047619047;0.10810810810810811;17;85
1;0.043478260869565216;0.00980392156862745;2;24
16;0.23529411764705882;0.12307692307692308;19;67
29;0.5471698113207547;0.29292929292929293;35;49
4;0.04;0.022727272727272728;5;101
28;0.345679012345679;0.24778761061946902;49;62
6;0.09090909090909091;0.04285714285714286;7;67
0;0.0;0;1;59
27;0.27;0.17647058823529413;28;101
29;0.32222222222222224;0.2116788321167883;34;87
1;0.25;0.012195121951219513;3;4
16;0.16326530612244897;0.10191082802547771;22;94
3;0.23076923076923078;0.03333333333333333;4;14
2;0.07142857142857142;0.018867924528301886;3;29
0;0.0;0;1;78
16;0.1839080459770115;0.11347517730496454;27;78
29;0.3972602739726027;0.2636363636363636;44;60
27;0.391304347826087;0.22131147540983606;28;70
38;0.42696629213483145;0.34234234234234234;59;70
30;0.24390243902439024;0.22058823529411764;68;87
41;0.2887323943661972;0.23163841807909605;46;139
24;0.42105263157894735;0.21621621621621623;27;56
45;0.5;0.371900826446281;50;87
16;0.35555555555555557;0.1523809523809524;21;42
13;0.2708333333333333;0.11304347826086956;14;49
16;0.5;0.17391304347826086;21;29
49;0.3402777777777778;0.28994082840236685;56;139
6;0.2608695652173913;0.06593406593406594;13;18
0;0.0;0;1;118
41;0.5942028985507246;0.43617021276595747;56;56
3;0.03;0.01694915254237288;4;101
2;0.03508771929824561;0.014925373134328358;4;57
2;0.08695652173913043;0.019801980198019802;3;24
36;0.26277372262773724;0.2236024844720497;57;118
4;0.04;0.022727272727272728;5;101
15;0.2542372881355932;0.12195121951219512;17;59
11;0.22;0.09322033898305085;13;50
15;0.2542372881355932;0.12195121951219512;17;59
12;0.09917355371900827;0.06486486486486487;17;118
35;0.330188679245283;0.2536231884057971;49;94
18;0.4864864864864865;0.2;28;29
33;0.44594594594594594;0.3055555555555556;47;62
6;0.12244897959183673;0.049586776859504134;9;48
44;0.55;0.41904761904761906;56;70
4;0.17391304347826086;0.04395604395604396;13;16
32;0.5714285714285714;0.3106796116504854;34;56
42;0.3157894736842105;0.2709677419354839;59;118
2;0.028985507246376812;0.013793103448275862;5;68
19;0.1623931623931624;0.10674157303370786;20;118
16;0.32;0.1415929203539823;18;50
35;0.3465346534653465;0.30701754385964913;68;70
24;0.3380281690140845;0.192;27;70
28;0.4666666666666667;0.2616822429906542;34;56
45;0.32142857142857145;0.26011560693641617;48;139
13;0.1326530612244898;0.08125;19;94
55;0.5612244897959183;0.4661016949152542;61;94
1;0.010752688172043012;0.005813953488372093;2;94
11;0.3548387096774194;0.11578947368421053;17;27
22;0.2894736842105263;0.1896551724137931;41;59
23;0.14838709677419354;0.11794871794871795;41;139
16;0.16326530612244897;0.10191082802547771;22;94
2;0.08695652173913043;0.02;4;23
5;0.07142857142857142;0.034722222222222224;7;70
13;0.22033898305084745;0.10655737704918032;18;56
9;0.2;0.07894736842105263;12;44
10;0.1;0.06134969325153374;18;94
8;0.05063291139240506;0.0380952380952381;29;139
22;0.21153846153846154;0.13924050632911392;27;101
1;0.011627906976744186;0.006060606060606061;2;87
20;0.3508771929824561;0.1724137931034483;22;57
24;0.5581395348837209;0.24742268041237114;27;42
7;0.10144927536231885;0.04929577464788732;8;70
41;0.328;0.26282051282051283;50;118
10;0.15625;0.078125;17;59
8;0.13559322033898305;0.06153846153846154;10;59
16;0.13559322033898305;0.08839779005524862;18;118
5;0.7142857142857143;0.06172839506172839;7;7
24;0.38095238095238093;0.20689655172413793;28;61
31;0.5081967213114754;0.3069306930693069;41;53
6;0.05128205128205128;0.031413612565445025;7;118
5;0.05952380952380952;0.031446540880503145;6;85
41;0.4019607843137255;0.2949640287769784;44;101
37;0.3894736842105263;0.30833333333333335;56;78
20;0.29850746268656714;0.15873015873015872;22;67
32;0.31683168316831684;0.24242424242424243;50;85
1;0.3333333333333333;0.012345679012345678;3;3
11;0.1774193548387097;0.08461538461538462;13;62
12;0.09375;0.06486486486486487;24;118
0;0.0;0;1;14
56;0.6436781609195402;0.5185185185185185;60;85
3;0.06521739130434782;0.024390243902439025;4;47
5;0.053763440860215055;0.02976190476190476;6;94
41;0.2808219178082192;0.23163841807909605;50;139
27;0.2872340425531915;0.18493150684931506;29;94
33;0.38823529411764707;0.25190839694656486;35;85
7;0.4666666666666667;0.08045977011494253;9;15
22;0.3283582089552239;0.176;23;68
24;0.3287671232876712;0.192;29;70
2;0.25;0.023529411764705882;4;8
4;0.028985507246376812;0.018691588785046728;5;139
16;0.21621621621621623;0.13114754098360656;33;59
18;0.18;0.1111111111111111;19;101
5;0.19230769230769232;0.04950495049504951;6;27
13;0.203125;0.10236220472440945;18;61
17;0.34;0.15178571428571427;19;50
18;0.2727272727272727;0.140625;19;67
1;0.014925373134328358;0.00684931506849315;2;68
2;0.017094017094017096;0.010256410256410256;3;118
69;0.45098039215686275;0.46308724832214765;85;139
7;0.12280701754385964;0.0546875;10;56
6;0.13043478260869565;0.05042016806722689;8;46
25;0.7352941176470589;0.2840909090909091;27;34
7;0.875;0.08641975308641975;8;9
32;0.36363636363636365;0.256;44;78
22;0.275;0.19298245614035087;47;57
10;0.11764705882352941;0.06802721088435375;19;78
13;0.09219858156028368;0.06341463414634146;17;139
3;0.04918032786885246;0.021739130434782608;4;62
18;0.1782178217821782;0.1111111111111111;20;101
21;0.3888888888888889;0.21212121212121213;36;41
24;0.42105263157894735;0.22857142857142856;33;50
3;0.031914893617021274;0.01764705882352941;5;94
3;0.03529411764705882;0.018633540372670808;5;85
1;0.010752688172043012;0.005813953488372093;2;94
30;0.4918032786885246;0.30927835051546393;45;48
19;0.3114754098360656;0.15966386554621848;23;59
17;0.20987654320987653;0.12142857142857143;22;78
41;0.5540540540540541;0.3904761904761905;50;67
42;0.42424242424242425;0.32061068702290074;49;94
19;0.22093023255813954;0.1292517006802721;20;87
17;0.12318840579710146;0.0845771144278607;18;139
8;0.06837606837606838;0.042328042328042326;9;118
21;0.29577464788732394;0.1794871794871795;35;59
0;0.0;0;1;68
0;0.0;0;1;50
21;0.21649484536082475;0.17647058823529413;59;61
46;0.42592592592592593;0.36220472440944884;62;94
6;0.6;0.07228915662650602;8;10
34;0.3695652173913043;0.2764227642276423;50;78
7;0.14285714285714285;0.05737704918032787;8;50
29;0.5;0.27358490566037735;33;56
6;0.35294117647058826;0.06666666666666667;8;17
2;0.4;0.024096385542168676;3;6
27;0.48214285714285715;0.25;29;56
18;0.13043478260869565;0.09;19;139
5;0.056818181818181816;0.031446540880503145;10;85
6;0.09836065573770492;0.04477611940298507;8;61
39;0.3277310924369748;0.2765957446808511;59;101
22;0.3333333333333333;0.18487394957983194;28;62
17;0.30357142857142855;0.14782608695652175;22;53
28;0.4307692307692308;0.2828282828282828;47;48
2;0.6666666666666666;0.024691358024691357;3;4
8;0.16326530612244897;0.06611570247933884;9;50
18;0.18;0.1111111111111111;19;101
17;0.265625;0.13934426229508196;23;60
0;0.0;0;4;24
23;0.3770491803278688;0.19827586206896552;26;60
27;0.5869565217391305;0.2755102040816326;29;46
7;0.08139534883720931;0.0440251572327044;8;87
5;0.2777777777777778;0.053763440860215055;6;19
39;0.5064935064935064;0.38235294117647056;56;62
2;0.2222222222222222;0.023255813953488372;4;9
16;0.22857142857142856;0.13114754098360656;29;59
26;0.41935483870967744;0.22807017543859648;29;61
5;0.058823529411764705;0.031446540880503145;7;85
2;0.2222222222222222;0.023255813953488372;4;9
18;0.2571428571428571;0.13740458015267176;20;70
1;0.03571428571428571;0.009345794392523364;2;29
29;0.47540983606557374;0.29;42;50
5;0.7142857142857143;0.06097560975609756;6;8
16;0.38095238095238093;0.16494845360824742;26;34
20;0.4;0.1834862385321101;22;50
31;0.28440366972477066;0.21830985915492956;48;94
34;0.6071428571428571;0.3695652173913043;45;47
2;0.06060606060606061;0.018018018018018018;3;34
24;0.3870967741935484;0.20689655172413793;27;61
1;0.014925373134328358;0.00684931506849315;2;68
12;0.1276595744680851;0.07453416149068323;14;94
5;0.036231884057971016;0.023474178403755867;6;139
8;0.08247422680412371;0.053691275167785234;29;78
7;0.20588235294117646;0.0660377358490566;9;34
18;0.2903225806451613;0.16822429906542055;36;46
60;0.5882352941176471;0.5309734513274337;70;94
16;0.16;0.0975609756097561;17;101
21;0.31343283582089554;0.16666666666666666;22;68
16;0.11428571428571428;0.07920792079207921;19;139
13;0.21666666666666667;0.10655737704918032;19;56
3;0.06666666666666667;0.02459016393442623;4;46
8;0.09195402298850575;0.05063291139240506;10;87
17;0.2786885245901639;0.13821138211382114;19;61
33;0.38823529411764707;0.2661290322580645;42;78
9;0.09;0.05263157894736842;10;101
43;0.34959349593495936;0.2792207792207792;50;118
16;0.24615384615384617;0.128;21;62
38;0.36538461538461536;0.2814814814814815;50;94
14;0.4666666666666667;0.15217391304347827;19;27
21;0.23595505617977527;0.14685314685314685;27;85
67;0.4527027027027027;0.44370860927152317;78;139
22;0.36666666666666664;0.205607476635514;34;50
37;0.5068493150684932;0.33035714285714285;42;70
1;1.0;0.0125;2;2
38;0.5428571428571428;0.36893203883495146;48;62
12;0.19047619047619047;0.09302325581395349;15;62
0;0.0;0;1;94
4;0.14285714285714285;0.038461538461538464;5;29
29;0.4264705882352941;0.29;49;50
35;0.3333333333333333;0.2413793103448276;41;101
8;0.06779661016949153;0.042328042328042326;10;118
5;0.05319148936170213;0.02976190476190476;7;94
8;0.14035087719298245;0.0625;10;57
17;0.22077922077922077;0.12878787878787878;26;70
16;0.3018867924528302;0.13793103448275862;18;53
18;0.36;0.16216216216216217;20;50
1;0.010752688172043012;0.005813953488372093;2;94
14;0.10144927536231885;0.06862745098039216;15;139
18;0.32727272727272727;0.15384615384615385;19;56
2;0.05128205128205128;0.018867924528301886;14;29
7;0.17073170731707318;0.061946902654867256;9;41
47;0.46534653465346537;0.373015873015873;56;94
25;0.5681818181818182;0.2604166666666667;29;42
2;0.08;0.019417475728155338;3;26
21;0.4772727272727273;0.21212121212121213;26;41
5;0.05555555555555555;0.031055900621118012;10;87
1;0.5;0.012345679012345678;2;3
5;0.125;0.043478260869565216;6;41
11;0.11702127659574468;0.06790123456790123;13;94
15;0.20270270270270271;0.11363636363636363;23;68
5;0.036231884057971016;0.023474178403755867;6;139
2;0.07142857142857142;0.018867924528301886;3;29
14;0.6666666666666666;0.16470588235294117;17;20
33;0.3626373626373626;0.2920353982300885;59;67
3;0.375;0.03529411764705882;4;9
0;0.0;0;1;139
30;0.23809523809523808;0.2;57;101
1;0.5;0.012345679012345678;2;3
0;0.0;0;1;118
6;0.05825242718446602;0.034482758620689655;10;101
0;0.0;0;1;101
2;0.07142857142857142;0.018867924528301886;3;29
12;0.3870967741935484;0.1276595744680851;18;27
35;0.603448275862069;0.3723404255319149;45;50
7;0.08139534883720931;0.0440251572327044;8;87
45;0.6428571428571429;0.44554455445544555;50;67
2;0.5;0.024691358024691357;4;4
8;0.057971014492753624;0.0380952380952381;9;139
17;0.2698412698412698;0.14782608695652175;29;53
3;0.1;0.02857142857142857;6;29
48;0.5714285714285714;0.41379310344827586;49;85
7;0.14893617021276595;0.058823529411764705;9;47
25;0.32894736842105265;0.22123893805309736;44;59
50;0.36764705882352944;0.3401360544217687;70;118
22;0.34375;0.2;35;53
19;0.2261904761904762;0.15966386554621848;46;59
3;0.03225806451612903;0.01764705882352941;4;94
0;0.0;0;1;14
39;0.41935483870967744;0.3305084745762712;56;78
17;0.5666666666666667;0.19318181818181818;23;26
4;0.2222222222222222;0.043010752688172046;6;18
17;0.12318840579710146;0.0845771144278607;18;139
16;0.11510791366906475;0.07920792079207921;18;139
3;0.25;0.034482758620689655;6;11
1;0.2;0.011904761904761904;2;6
13;0.28888888888888886;0.11711711711711711;15;45
15;0.40540540540540543;0.16304347826086957;26;28
9;0.18;0.075;11;50
34;0.5483870967741935;0.3333333333333333;41;57
11;0.25;0.1;15;42
28;0.42424242424242425;0.23728813559322035;29;67
3;0.075;0.02564102564102564;4;41
2;0.014492753623188406;0.009259259259259259;3;139
11;0.18032786885245902;0.08661417322834646;15;59
4;0.21052631578947367;0.043010752688172046;7;18
3;0.02564102564102564;0.015463917525773196;4;118
13;0.16666666666666666;0.09027777777777778;15;78
4;0.14814814814814814;0.039603960396039604;7;26
44;0.4489795918367347;0.34108527131782945;50;94
53;0.5196078431372549;0.41732283464566927;56;101
14;0.15053763440860216;0.0880503144654088;15;94
2;0.05;0.01694915254237288;3;41
7;0.15217391304347827;0.059322033898305086;9;46
8;0.1038961038961039;0.053691275167785234;9;78
16;0.25;0.13114754098360656;23;59
5;0.2631578947368421;0.054945054945054944;9;17
22;0.16296296296296298;0.12571428571428572;41;118
53;0.49074074074074076;0.41732283464566927;62;101
11;0.16666666666666666;0.08461538461538462;17;62
13;0.20967741935483872;0.10317460317460317;17;60
40;0.38095238095238093;0.3007518796992481;53;94
33;0.6346153846153846;0.3626373626373626;42;45
25;0.4716981132075472;0.2336448598130841;27;53
4;0.06349206349206349;0.029850746268656716;10;59
48;0.48;0.384;56;94
36;0.4931506849315068;0.34285714285714286;49;62
23;0.16428571428571428;0.11794871794871795;26;139
10;0.2857142857142857;0.09615384615384616;12;35
26;0.5;0.2653061224489796;35;45
56;0.6153846153846154;0.509090909090909;62;87
6;0.13636363636363635;0.05217391304347826;10;42
29;0.38666666666666666;0.26605504587155965;47;59
24;0.2608695652173913;0.20689655172413793;57;61
5;0.09433962264150944;0.03937007874015748;7;53
2;0.2222222222222222;0.022988505747126436;3;10
7;0.07368421052631578;0.04216867469879518;10;94
48;0.35294117647058826;0.36363636363636365;85;101
2;0.6666666666666666;0.024691358024691357;3;4
3;0.03896103896103896;0.01948051948051948;4;78
5;0.05952380952380952;0.031446540880503145;6;85
3;0.13043478260869565;0.03;4;24
6;0.043478260869565216;0.02830188679245283;7;139
31;0.3522727272727273;0.22962962962962963;34;87
31;0.3522727272727273;0.28440366972477066;60;61
41;0.2867132867132867;0.23163841807909605;47;139
36;0.5806451612903226;0.36363636363636365;44;56
18;0.25;0.15384615384615385;36;56
28;0.4827586206896552;0.28865979381443296;42;46
37;0.2605633802816901;0.20441988950276244;42;139
25;0.21367521367521367;0.14534883720930233;26;118
1;0.3333333333333333;0.012195121951219513;2;4
17;0.3953488372093023;0.16346153846153846;20;42
26;0.5098039215686274;0.2524271844660194;29;50
28;0.28;0.18421052631578946;29;101
42;0.3559322033898305;0.2709677419354839;44;118
4;0.36363636363636365;0.046511627906976744;6;11
5;0.10869565217391304;0.04854368932038835;24;29
29;0.4461538461538462;0.29;46;50
12;0.1875;0.09302325581395349;16;62
19;0.3333333333333333;0.16379310344827586;22;56
18;0.20454545454545456;0.1232876712328767;23;85
5;0.5555555555555556;0.06097560975609756;8;8
4;0.05;0.026143790849673203;8;78
20;0.3389830508474576;0.1694915254237288;22;59
24;0.35294117647058826;0.22857142857142856;44;50
1;0.01639344262295082;0.007142857142857143;2;62
6;0.2857142857142857;0.06521739130434782;10;19
29;0.4027777777777778;0.24166666666666667;33;70
3;0.15789473684210525;0.031914893617021274;6;18
10;0.15873015873015872;0.078125;16;59
13;0.2826086956521739;0.11818181818181818;17;44
5;0.08064516129032258;0.03676470588235294;7;62
31;0.2627118644067797;0.18674698795180722;33;118
2;0.5;0.024691358024691357;4;4
18;0.6206896551724138;0.2;20;29
30;0.4411764705882353;0.30303030303030304;50;50
9;0.391304347826087;0.09574468085106383;10;24
56;0.36363636363636365;0.3971631205673759;94;118
11;0.22;0.09482758620689655;15;48
14;0.28;0.12389380530973451;18;48
5;0.0847457627118644;0.03759398496240601;7;59
21;0.21;0.14482758620689656;36;87
48;0.5517241379310345;0.4752475247524752;67;70
15;0.22727272727272727;0.12195121951219512;24;59
40;0.36036036036036034;0.3007518796992481;59;94
29;0.4915254237288136;0.27358490566037735;34;56
6;0.07142857142857142;0.0379746835443038;7;85
15;0.3488372093023256;0.14150943396226415;18;42
7;0.14;0.058333333333333334;11;48
5;0.056818181818181816;0.031446540880503145;10;85
13;0.14772727272727273;0.08609271523178808;18;85
43;0.45263157894736844;0.37719298245614036;62;78
21;0.21;0.1320754716981132;22;101
42;0.358974358974359;0.30434782608695654;60;101
3;0.07317073170731707;0.027522935779816515;13;33
5;0.2631578947368421;0.05555555555555555;10;16
5;0.21739130434782608;0.05102040816326531;6;24
25;0.3968253968253968;0.21739130434782608;29;61
1;0.007246376811594203;0.004608294930875576;2;139
6;0.21428571428571427;0.058823529411764705;7;29
8;0.09523809523809523;0.05128205128205128;9;85
3;0.2;0.034482758620689655;9;11
15;0.23076923076923078;0.12195121951219512;23;59
4;0.0975609756097561;0.03418803418803419;5;42
21;0.25925925925925924;0.15441176470588236;26;78
6;0.09090909090909091;0.04285714285714286;7;67
7;0.08045977011494253;0.0440251572327044;9;87
3;0.03488372093023256;0.018633540372670808;6;85
45;0.39473684210526316;0.3515625;67;94
6;0.08695652173913043;0.0425531914893617;9;68
44;0.4835164835164835;0.36065573770491804;50;87
46;0.6666666666666666;0.46;50;67
15;0.6818181818181818;0.1744186046511628;17;22
17;0.1827956989247312;0.10897435897435898;18;94
11;0.3235294117647059;0.1134020618556701;18;29
14;0.23728813559322035;0.11290322580645161;16;59
33;0.4024390243902439;0.3113207547169811;57;60
25;0.29069767441860467;0.21929824561403508;53;60
31;0.43661971830985913;0.2627118644067797;34;70
16;0.16161616161616163;0.10191082802547771;23;94
23;0.4423076923076923;0.22115384615384615;29;48
0;0.0;0;2;139
27;0.48214285714285715;0.25;29;56
4;0.5;0.04878048780487805;7;7
43;0.38738738738738737;0.33076923076923076;62;94
37;0.38144329896907214;0.27205882352941174;42;94
18;0.35294117647058826;0.17475728155339806;29;42
27;0.54;0.28125;35;44
20;0.6896551724137931;0.22727272727272727;22;29
4;0.046511627906976744;0.024691358024691357;5;87
18;0.2608695652173913;0.13740458015267176;19;70
4;0.1;0.034482758620689655;5;41
4;0.5;0.04819277108433735;6;8
7;0.050359712230215826;0.03317535545023697;9;139
2;1.0;0.025;3;3
16;0.2857142857142857;0.13445378151260504;18;56
2;0.023255813953488372;0.012195121951219513;3;87
29;0.3020833333333333;0.2013888888888889;33;94
0;0.0;0;1;57
38;0.37623762376237624;0.2814814814814815;47;94
6;0.06741573033707865;0.0375;10;87
6;0.6666666666666666;0.07228915662650602;7;10
2;0.2222222222222222;0.023255813953488372;4;9
2;0.125;0.022222222222222223;7;13
23;0.3333333333333333;0.18548387096774194;26;68
8;0.8888888888888888;0.09876543209876543;9;10
12;0.3333333333333333;0.11764705882352941;15;35
6;0.12;0.049586776859504134;10;48
2;0.5;0.024390243902439025;3;5
35;0.6730769230769231;0.38461538461538464;42;47
44;0.6666666666666666;0.4536082474226804;50;62
0;0.0;0;1;8
11;0.20754716981132076;0.09090909090909091;13;53
4;0.05194805194805195;0.026143790849673203;5;78
36;0.5070422535211268;0.34285714285714286;47;62
60;0.5084745762711864;0.43795620437956206;62;118
34;0.576271186440678;0.3469387755102041;42;53
29;0.5576923076923077;0.31521739130434784;41;42
33;0.3113207547169811;0.25190839694656486;56;85
25;0.31645569620253167;0.20161290322580644;36;70
2;0.1111111111111111;0.02127659574468085;5;17
46;0.4791666666666667;0.36220472440944884;50;94
7;0.050724637681159424;0.03317535545023697;8;139
33;0.4852941176470588;0.3055555555555556;41;62
13;0.13829787234042554;0.08125;15;94
16;0.1523809523809524;0.0975609756097561;22;101
23;0.46;0.23469387755102042;33;42
1;0.017241379310344827;0.0072992700729927005;2;59
2;0.15384615384615385;0.02197802197802198;3;14
14;0.2222222222222222;0.11023622047244094;17;62
3;0.05263157894736842;0.022556390977443608;5;57
17;0.7083333333333334;0.2;20;23
6;0.6666666666666666;0.07317073170731707;8;9
22;0.2222222222222222;0.1456953642384106;29;94
40;0.28776978417266186;0.2247191011235955;42;139
12;0.0851063829787234;0.05825242718446602;16;139
9;0.1323529411764706;0.06818181818181818;17;62
47;0.7121212121212122;0.5;53;62
19;0.15079365079365079;0.10674157303370786;29;118
3;0.375;0.03529411764705882;4;9
19;0.2375;0.1623931623931624;44;57
9;0.15;0.06870229007633588;10;61
29;0.3918918918918919;0.24166666666666667;35;70
3;0.05084745762711865;0.022222222222222223;5;59
3;0.021739130434782608;0.013953488372093023;4;139
4;0.03418803418803419;0.02072538860103627;5;118
4;0.06779661016949153;0.030303030303030304;8;57
5;0.5555555555555556;0.05952380952380952;6;10
9;0.225;0.08108108108108109;10;41
3;0.5;0.03614457831325301;4;7
18;0.6428571428571429;0.20689655172413793;22;26
42;0.33070866141732286;0.2709677419354839;53;118
16;0.23880597014925373;0.12213740458015267;17;68
10;0.07246376811594203;0.04807692307692308;11;139
4;0.03418803418803419;0.02072538860103627;5;118
54;0.5346534653465347;0.42857142857142855;56;101
42;0.65625;0.4375;49;59
4;0.06557377049180328;0.029197080291970802;5;62
4;0.17391304347826086;0.04081632653061224;6;23
24;0.3157894736842105;0.1951219512195122;34;68
29;0.3625;0.24786324786324787;44;67
14;0.3333333333333333;0.1320754716981132;17;41
2;0.2222222222222222;0.022988505747126436;3;10
25;0.4807692307692308;0.2403846153846154;29;50
6;0.1276595744680851;0.049586776859504134;7;48
26;0.24761904761904763;0.18840579710144928;48;85
13;0.22033898305084745;0.10317460317460317;14;60
25;0.3333333333333333;0.2336448598130841;49;53
6;0.11764705882352941;0.04878048780487805;9;50
5;0.06329113924050633;0.03289473684210526;8;78
11;0.1746031746031746;0.08461538461538462;14;62
41;0.6029411764705882;0.41414141414141414;50;61
14;0.11666666666666667;0.07650273224043716;18;118
3;0.375;0.03529411764705882;4;9
9;0.13432835820895522;0.06976744186046512;19;59
18;0.28125;0.14634146341463414;22;62
13;0.14606741573033707;0.08496732026143791;17;87
62;0.5299145299145299;0.5585585585585585;87;94
8;0.0851063829787234;0.048484848484848485;10;94
20;0.2127659574468085;0.136986301369863;29;87
4;0.17391304347826086;0.043478260869565216;12;17
3;0.03571428571428571;0.018633540372670808;4;85
28;0.4307692307692308;0.2545454545454545;36;59
18;0.72;0.21428571428571427;22;23
27;0.38028169014084506;0.226890756302521;33;67
51;0.49038461538461536;0.4434782608695652;70;87
12;0.11538461538461539;0.07453416149068323;24;94
10;0.10638297872340426;0.06134969325153374;12;94
7;0.050724637681159424;0.03317535545023697;8;139
26;0.6341463414634146;0.2765957446808511;28;41
34;0.38636363636363635;0.2764227642276423;46;78
11;0.2894736842105263;0.10576923076923077;15;36
23;0.2987012987012987;0.20353982300884957;45;57
17;0.3269230769230769;0.15178571428571427;21;50
8;0.1568627450980392;0.06666666666666667;12;49
31;0.3069306930693069;0.2080536912751678;33;101
6;0.3157894736842105;0.06593406593406594;9;18
3;0.02158273381294964;0.013953488372093023;5;139
53;0.44537815126050423;0.3680555555555556;56;118
33;0.559322033898305;0.35106382978723405;46;48
18;0.1935483870967742;0.11612903225806452;19;94
41;0.4606741573033708;0.328;45;87
32;0.45714285714285713;0.3106796116504854;48;56
21;0.5384615384615384;0.22340425531914893;26;36
4;0.043010752688172046;0.023668639053254437;5;94
40;0.4819277108433735;0.37383177570093457;57;68
13;0.09420289855072464;0.06341463414634146;14;139
29;0.4142857142857143;0.24786324786324787;34;67
16;0.23880597014925373;0.128;23;62
12;0.12903225806451613;0.07453416149068323;13;94
12;0.13636363636363635;0.07894736842105263;17;85
6;0.21428571428571427;0.0625;13;23
42;0.4117647058823529;0.30434782608695654;45;101
7;0.0875;0.04666666666666667;11;78
28;0.4375;0.25;33;61
8;0.09195402298850575;0.05755395683453238;29;68
26;0.5098039215686274;0.2524271844660194;29;50
45;0.5;0.371900826446281;50;87
4;0.08163265306122448;0.032;5;50
4;0.4444444444444444;0.047619047619047616;6;9
18;0.20689655172413793;0.15;48;59
30;0.37037037037037035;0.23622047244094488;35;78
22;0.2619047619047619;0.15492957746478872;23;85
26;0.52;0.26804123711340205;34;44
29;0.27884615384615385;0.2457627118644068;67;68
34;0.3617021276595745;0.3008849557522124;62;68
11;0.07857142857142857;0.05314009661835749;14;139
12;0.32432432432432434;0.11764705882352941;16;35
0;0.0;0;1;94
23;0.21904761904761905;0.15333333333333332;36;94
33;0.38823529411764707;0.308411214953271;59;61
56;0.38095238095238093;0.3971631205673759;87;118
6;0.08695652173913043;0.04195804195804196;7;70
24;0.27906976744186046;0.1951219512195122;44;68
2;0.125;0.021739130434782608;5;15
4;0.3076923076923077;0.045454545454545456;6;13
40;0.28368794326241137;0.2247191011235955;44;139
17;0.17;0.10429447852760736;18;101
10;0.18181818181818182;0.08196721311475409;14;53
2;0.017094017094017096;0.010256410256410256;3;118
15;0.39473684210526316;0.16129032258064516;26;29
5;0.5;0.05952380952380952;7;10
26;0.41935483870967744;0.25742574257425743;42;48
24;0.24489795918367346;0.19672131147540983;57;67
5;0.08928571428571429;0.038461538461538464;7;56
48;0.35555555555555557;0.3221476510067114;67;118
30;0.6818181818181818;0.32967032967032966;34;42
35;0.5737704918032787;0.35;42;56
9;0.19148936170212766;0.07894736842105263;14;44
4;0.23529411764705882;0.043010752688172046;5;18
28;0.4827586206896552;0.2857142857142857;41;47
47;0.47959183673469385;0.4017094017094017;62;85
21;0.5384615384615384;0.22826086956521738;28;34
17;0.2073170731707317;0.12142857142857143;23;78
21;0.30434782608695654;0.1640625;22;70
1;0.014492753623188406;0.006756756756756757;2;70
24;0.5853658536585366;0.2696629213483146;33;34
73;0.5069444444444444;0.5887096774193549;101;118
30;0.47619047619047616;0.27522935779816515;35;60
7;0.059322033898305086;0.03684210526315789;9;118
7;0.1111111111111111;0.05223880597014925;10;62
11;0.23404255319148937;0.09821428571428571;16;44
5;0.0423728813559322;0.026041666666666668;7;118
27;0.3698630136986301;0.226890756302521;35;67
10;0.37037037037037035;0.10989010989010989;17;22
1;0.014285714285714285;0.006756756756756757;3;70
4;0.043010752688172046;0.023668639053254437;5;94
17;0.3269230769230769;0.16346153846153846;29;42
20;0.29850746268656714;0.15873015873015872;22;67
3;0.03488372093023256;0.018633540372670808;6;85
15;0.42857142857142855;0.15;16;36
15;0.1875;0.11194029850746269;27;70
11;0.21568627450980393;0.09322033898305085;14;50
26;0.6046511627906976;0.2736842105263158;29;42
8;0.057971014492753624;0.0380952380952381;9;139
8;0.11594202898550725;0.05673758865248227;9;70
37;0.4625;0.3627450980392157;59;60
17;0.2833333333333333;0.14049586776859505;20;59
58;0.453125;0.5043478260869565;94;94
54;0.4426229508196721;0.3776223776223776;60;118
7;0.07526881720430108;0.04216867469879518;8;94
29;0.35802469135802467;0.2265625;34;78
1;0.01694915254237288;0.0072992700729927005;3;59
5;0.7142857142857143;0.06097560975609756;6;8
3;0.03;0.01694915254237288;4;101
14;0.21875;0.11023622047244094;18;62
34;0.576271186440678;0.3269230769230769;36;59
20;0.3333333333333333;0.17391304347826086;26;56
4;0.046511627906976744;0.024691358024691357;5;87
20;0.3333333333333333;0.17391304347826086;26;56
13;0.25;0.11206896551724138;17;50
26;0.4;0.2549019607843137;44;49
3;0.6;0.036585365853658534;4;6
16;0.1322314049586777;0.08839779005524862;21;118
66;0.5196850393700787;0.5789473684210527;94;101
33;0.5892857142857143;0.358695652173913;45;46
0;0.0;0;1;118
13;0.1262135922330097;0.07784431137724551;17;101
19;0.3877551020408163;0.17272727272727273;20;50
1;1.0;0.0125;2;2
4;0.0547945205479452;0.027586206896551724;9;70
0;0.0;0;1;118
18;0.2535211267605634;0.14634146341463414;29;62
4;0.08695652173913043;0.03278688524590164;5;47
8;0.12903225806451613;0.06015037593984962;10;62
18;0.43902439024390244;0.17475728155339806;19;42
6;0.10714285714285714;0.046153846153846156;7;57
13;0.09219858156028368;0.06341463414634146;17;139
27;0.43548387096774194;0.23684210526315788;29;62
31;0.49206349206349204;0.3163265306122449;46;50
6;0.5;0.07228915662650602;10;10
17;0.17;0.10429447852760736;18;101
25;0.423728813559322;0.25510204081632654;42;44
5;0.08064516129032258;0.03676470588235294;7;62
37;0.3854166666666667;0.27205882352941174;41;94
8;0.0851063829787234;0.048484848484848485;10;94
2;0.15384615384615385;0.02197802197802198;3;14
14;0.5833333333333334;0.1590909090909091;17;23
31;0.3229166666666667;0.2672413793103448;61;68
36;0.4931506849315068;0.3185840707964602;41;70
26;0.37142857142857144;0.22608695652173913;36;62
28;0.28;0.19310344827586207;36;94
0;0.0;0;1;8
9;0.06521739130434782;0.0430622009569378;10;139
25;0.35714285714285715;0.21551724137931033;35;62
22;0.34375;0.18803418803418803;28;60
17;0.3269230769230769;0.16037735849056603;27;44
21;0.3;0.168;26;67
18;0.6206896551724138;0.20689655172413793;23;26
1;0.008547008547008548;0.00510204081632653;2;118
31;0.6458333333333334;0.3263157894736842;34;47
43;0.5512820512820513;0.4056603773584906;53;70
39;0.527027027027027;0.3644859813084112;48;67
5;0.07575757575757576;0.03546099290780142;6;67
0;0.0;0;2;29
1;1.0;0.0125;2;2
26;0.5098039215686274;0.26262626262626265;33;46
1;0.043478260869565216;0.009900990099009901;3;23
1;0.1111111111111111;0.011764705882352941;5;7
27;0.4909090909090909;0.2647058823529412;34;50
38;0.5757575757575758;0.37254901960784315;45;61
4;0.36363636363636365;0.047619047619047616;8;9
27;0.43548387096774194;0.25;35;56
25;0.211864406779661;0.14534883720930233;27;118
6;0.06976744186046512;0.0375;7;87
36;0.5714285714285714;0.36363636363636365;45;56
3;0.0379746835443038;0.01948051948051948;6;78
30;0.5084745762711864;0.30303030303030304;41;50
18;0.3829787234042553;0.17647058823529413;26;41
1;0.3333333333333333;0.012345679012345678;3;3
36;0.5454545454545454;0.34285714285714286;42;62
20;0.23255813953488372;0.1388888888888889;23;85
2;0.5;0.024390243902439025;3;5
18;0.6923076923076923;0.21428571428571427;23;23
28;0.49122807017543857;0.2692307692307692;34;53
7;0.04827586206896552;0.03317535545023697;15;139
12;0.2033898305084746;0.10344827586206896;24;49
19;0.20212765957446807;0.15966386554621848;56;59
19;0.19;0.1557377049180328;59;62
1;0.011627906976744186;0.006060606060606061;2;87
36;0.36;0.26277372262773724;44;94
11;0.1746031746031746;0.08661417322834646;17;59
14;0.7;0.16470588235294117;16;20
32;0.64;0.3595505617977528;42;42
0;0.0;0;1;94
14;0.10071942446043165;0.06862745098039216;16;139
3;0.3333333333333333;0.03488372093023256;4;10
3;0.03;0.01694915254237288;4;101
6;0.14634146341463414;0.05263157894736842;8;41
49;0.4049586776859504;0.3951612903225806;78;94
11;0.09166666666666666;0.05913978494623656;15;118
1;0.25;0.012195121951219513;3;4
32;0.25;0.22695035460992907;68;94
12;0.12631578947368421;0.07894736842105263;24;85
14;0.5833333333333334;0.1590909090909091;17;23
10;0.5;0.11627906976744186;15;17
18;0.2222222222222222;0.12949640287769784;23;78
27;0.3;0.23684210526315788;57;62
21;0.35;0.1826086956521739;26;57
33;0.5076923076923077;0.34375;50;50
16;0.38095238095238093;0.16666666666666666;27;33
7;0.3888888888888889;0.07692307692307693;8;19
2;0.2222222222222222;0.022988505747126436;3;10
26;0.18840579710144928;0.13541666666666666;27;139
41;0.4880952380952381;0.35344827586206895;49;78
2;0.021505376344086023;0.011695906432748537;3;94
11;0.10784313725490197;0.0650887573964497;14;101
3;0.021739130434782608;0.013953488372093023;4;139
16;0.16666666666666666;0.10191082802547771;20;94
30;0.5769230769230769;0.30303030303030304;34;50
11;0.16417910447761194;0.08148148148148149;13;67
46;0.3484848484848485;0.304635761589404;62;118
1;0.03571428571428571;0.009345794392523364;2;29
5;0.036231884057971016;0.023474178403755867;6;139
26;0.52;0.2653061224489796;33;45
1;0.010752688172043012;0.005813953488372093;2;94
38;0.4318181818181818;0.31932773109243695;50;78
29;0.3118279569892473;0.2457627118644068;56;68
3;0.03225806451612903;0.01764705882352941;4;94
36;0.5294117647058824;0.36363636363636365;50;56
14;0.21875;0.11023622047244094;18;62
12;0.13636363636363635;0.07792207792207792;15;87
4;0.0784313725490196;0.032;7;50
3;0.021739130434782608;0.013953488372093023;4;139
24;0.34285714285714286;0.20512820512820512;34;62
34;0.40963855421686746;0.2956521739130435;49;70
4;0.3076923076923077;0.0449438202247191;5;14
16;0.11267605633802817;0.07920792079207921;21;139
17;0.3469387755102041;0.15178571428571427;18;50
1;0.03571428571428571;0.009345794392523364;2;29
11;0.11224489795918367;0.06790123456790123;17;94
11;0.18333333333333332;0.0859375;13;60
3;0.033707865168539325;0.018633540372670808;9;85
31;0.2719298245614035;0.22962962962962963;60;87
37;0.36633663366336633;0.30833333333333335;62;78
13;0.14942528735632185;0.10236220472440945;41;61
3;0.3;0.03529411764705882;6;9
37;0.6271186440677966;0.3894736842105263;45;53
26;0.45614035087719296;0.23853211009174313;29;56
3;0.03225806451612903;0.01764705882352941;4;94
8;0.18181818181818182;0.06956521739130435;10;44
36;0.5142857142857142;0.34615384615384615;47;61
6;0.06976744186046512;0.0379746835443038;9;85
4;0.08163265306122448;0.032;5;50
28;0.2616822429906542;0.18421052631578946;36;101
4;0.3333333333333333;0.047619047619047616;9;9
17;0.19767441860465115;0.11409395973154363;18;87
1;0.2;0.012048192771084338;3;5
9;0.07692307692307693;0.047872340425531915;10;118
26;0.3023255813953488;0.21487603305785125;46;68
6;0.35294117647058826;0.06818181818181818;10;15
2;0.08695652173913043;0.019801980198019802;3;24
29;0.27884615384615385;0.19205298013245034;34;101
18;0.33962264150943394;0.15789473684210525;20;53
10;0.35714285714285715;0.10416666666666667;13;27
2;0.014492753623188406;0.009259259259259259;3;139
1;0.03571428571428571;0.009345794392523364;2;29
14;0.14583333333333334;0.0880503144654088;18;94
25;0.3125;0.22123893805309736;48;59
42;0.46153846153846156;0.3387096774193548;48;87
18;0.27692307692307694;0.14634146341463414;23;62
3;0.0625;0.025;9;44
39;0.5735294117647058;0.3644859813084112;42;67
1;0.01639344262295082;0.007142857142857143;2;62
26;0.18705035971223022;0.13541666666666666;28;139
40;0.6557377049180327;0.42105263157894735;47;56
14;0.16666666666666666;0.09333333333333334;15;85
20;0.39215686274509803;0.1941747572815534;29;44
18;0.1935483870967742;0.11612903225806452;19;94
5;0.08333333333333333;0.03731343283582089;7;60
55;0.5670103092783505;0.4954954954954955;67;87
3;0.03;0.01694915254237288;4;101
22;0.3283582089552239;0.176;23;68
5;0.2;0.053763440860215055;13;19
1;0.007246376811594203;0.004608294930875576;2;139
7;0.1044776119402985;0.050359712230215826;9;67
5;0.625;0.06097560975609756;7;8
20;0.3448275862068966;0.1724137931034483;23;57
7;0.050724637681159424;0.03317535545023697;8;139
15;0.1282051282051282;0.08241758241758242;16;118
18;0.375;0.17475728155339806;26;42
16;0.2807017543859649;0.14285714285714285;26;49
2;0.03508771929824561;0.014925373134328358;4;57
2;1.0;0.025;3;3
67;0.4785714285714286;0.44370860927152317;70;139
2;0.05;0.01694915254237288;3;41
25;0.211864406779661;0.14534883720930233;27;118
29;0.3918918918918919;0.27358490566037735;49;56
43;0.4574468085106383;0.33076923076923076;45;94
4;0.0625;0.029411764705882353;9;61
1;0.011627906976744186;0.006060606060606061;2;87
9;0.13043478260869565;0.06818181818181818;18;62
28;0.6829268292682927;0.3010752688172043;29;42
25;0.20833333333333334;0.14534883720930233;29;118
8;0.1568627450980392;0.06611570247933884;11;50
1;0.0625;0.01098901098901099;6;13
25;0.390625;0.21551724137931033;29;62
7;0.1;0.04929577464788732;9;70
7;0.12280701754385964;0.0546875;10;56
13;0.22033898305084745;0.11504424778761062;27;47
18;0.36;0.18556701030927836;34;36
53;0.7162162162162162;0.5698924731182796;62;67
42;0.5;0.4;60;68
31;0.5344827586206896;0.3163265306122449;41;50
3;0.061224489795918366;0.023809523809523808;4;50
4;0.23529411764705882;0.043478260869565216;6;17
30;0.3125;0.2097902097902098;34;94
0;0.0;0;1;14
16;0.37209302325581395;0.16326530612244897;26;35
2;0.03571428571428571;0.014925373134328358;3;57
19;0.40425531914893614;0.17757009345794392;21;47
42;0.5121951219512195;0.3925233644859813;56;70
34;0.3617021276595745;0.2956521739130435;60;70
68;0.4788732394366197;0.5271317829457365;94;118
8;0.08602150537634409;0.048484848484848485;9;94
18;0.1267605633802817;0.09;23;139
17;0.8095238095238095;0.20238095238095238;18;22
5;0.08771929824561403;0.038461538461538464;8;56
0;0.0;0;1;8
5;0.45454545454545453;0.060240963855421686;9;9
3;0.05172413793103448;0.022222222222222223;4;59
12;0.08450704225352113;0.05825242718446602;17;139
27;0.23076923076923078;0.1588235294117647;28;118
13;0.20634920634920634;0.10317460317460317;18;60
22;0.18333333333333332;0.12571428571428572;26;118
4;0.4444444444444444;0.047619047619047616;6;9
6;0.15;0.05263157894736842;7;41
29;0.4393939393939394;0.25892857142857145;35;62
2;0.1;0.02127659574468085;7;17
42;0.4077669902912621;0.30434782608695654;46;101
4;0.08888888888888889;0.03305785123966942;5;46
1;0.3333333333333333;0.012345679012345678;3;3
5;0.053763440860215055;0.02976190476190476;6;94
2;0.025974025974025976;0.012903225806451613;3;78
16;0.1927710843373494;0.11347517730496454;23;78
15;0.1271186440677966;0.08241758241758242;17;118
19;0.20430107526881722;0.12337662337662338;20;94
42;0.42;0.32061068702290074;50;94
16;0.2962962962962963;0.1415929203539823;22;50
6;0.09523809523809523;0.044444444444444446;9;62
47;0.6811594202898551;0.5;56;62
6;0.06315789473684211;0.03592814371257485;9;94
39;0.42391304347826086;0.30708661417322836;46;87
6;0.12244897959183673;0.04878048780487805;7;50
6;0.07058823529411765;0.0379746835443038;8;85
11;0.12941176470588237;0.0718954248366013;13;85
6;0.3333333333333333;0.06521739130434782;7;19
4;0.04938271604938271;0.026143790849673203;9;78
5;0.2631578947368421;0.054945054945054944;9;17
21;0.3387096774193548;0.19444444444444445;35;50
27;0.4426229508196721;0.26732673267326734;41;49
13;0.48148148148148145;0.14130434782608695;16;26
7;0.3333333333333333;0.07526881720430108;9;21
7;0.06862745098039216;0.04046242774566474;10;101
26;0.5098039215686274;0.2524271844660194;29;50
17;0.6071428571428571;0.18681318681318682;18;29
5;0.16666666666666666;0.04854368932038835;8;29
37;0.5873015873015873;0.37755102040816324;46;56
0;0.0;0;1;139
24;0.41379310344827586;0.22857142857142856;34;50
19;0.3220338983050847;0.1623931623931624;23;57
12;0.11428571428571428;0.07142857142857142;18;101
31;0.32978723404255317;0.21830985915492956;33;94
34;0.38636363636363635;0.3177570093457944;62;62
26;0.6190476190476191;0.2736842105263158;28;42
1;0.5;0.012345679012345678;2;3
3;0.3333333333333333;0.03614457831325301;7;7
14;0.30434782608695654;0.12844036697247707;18;44
44;0.4835164835164835;0.3893805309734513;59;78
41;0.4019607843137255;0.35344827586206895;67;78
17;0.18085106382978725;0.10897435897435898;19;94
34;0.6071428571428571;0.35789473684210527;42;50
12;0.10810810810810811;0.07142857142857142;24;101
12;0.11764705882352941;0.07142857142857142;15;101
4;0.05714285714285714;0.027586206896551724;6;70
33;0.38823529411764707;0.28448275862068967;50;70
5;0.10416666666666667;0.040983606557377046;7;48
32;0.3950617283950617;0.29357798165137616;53;62
18;0.2727272727272727;0.140625;19;67
15;0.29411764705882354;0.13157894736842105;18;50
18;0.29508196721311475;0.14754098360655737;20;61
17;0.1827956989247312;0.10897435897435898;18;94
28;0.28;0.18421052631578946;29;101
6;0.1016949152542373;0.045454545454545456;8;59
25;0.46296296296296297;0.24752475247524752;34;47
5;0.0641025641025641;0.03289473684210526;7;78
11;0.2972972972972973;0.10891089108910891;17;33
18;0.18;0.11612903225806452;26;94
12;0.2033898305084746;0.09523809523809523;14;59
3;0.02127659574468085;0.013953488372093023;7;139
43;0.581081081081081;0.4479166666666667;59;60
7;0.1590909090909091;0.0707070707070707;26;27
10;0.12658227848101267;0.06802721088435375;13;78
7;0.09859154929577464;0.04929577464788732;10;70
1;0.014925373134328358;0.00684931506849315;2;68
6;0.09375;0.044444444444444446;10;62
5;0.45454545454545453;0.05952380952380952;8;10
3;0.23076923076923078;0.03409090909090909;6;12
36;0.3103448275862069;0.26277372262773724;60;94
0;0.0;0;1;118
5;0.13513513513513514;0.05;18;26
18;0.15384615384615385;0.1005586592178771;19;118
13;0.14606741573033707;0.08496732026143791;17;87
25;0.24509803921568626;0.20161290322580644;59;70
7;0.07526881720430108;0.04216867469879518;8;94
1;0.008547008547008548;0.00510204081632653;2;118
11;0.171875;0.08461538461538462;15;62
18;0.26865671641791045;0.1487603305785124;27;60
24;0.5454545454545454;0.25;29;41
17;0.26153846153846155;0.15454545454545454;36;48
26;0.5098039215686274;0.2653061224489796;34;45
2;0.029850746268656716;0.013793103448275862;3;68
8;0.14545454545454545;0.06299212598425197;9;56
20;0.40816326530612246;0.18518518518518517;22;49
21;0.14685314685314685;0.1065989847715736;27;139
35;0.29914529914529914;0.21604938271604937;36;118
24;0.47058823529411764;0.23076923076923078;28;49
4;0.07272727272727272;0.030534351145038167;5;56
11;0.4782608695652174;0.12087912087912088;13;23
2;0.2857142857142857;0.023809523809523808;4;7
39;0.42857142857142855;0.35454545454545455;62;70
8;0.14285714285714285;0.06299212598425197;10;56
3;1.0;0.0375;4;4
29;0.29292929292929293;0.2457627118644068;62;68
26;0.5416666666666666;0.26;29;47
21;0.3559322033898305;0.1794871794871795;23;59
12;0.1016949152542373;0.06486486486486487;14;118
23;0.24210526315789474;0.15333333333333332;26;94
0;0.0;0;1;44
23;0.2804878048780488;0.17164179104477612;29;78
2;0.2857142857142857;0.024096385542168676;5;6
35;0.5303030303030303;0.36082474226804123;50;53
2;0.02127659574468085;0.011695906432748537;4;94
11;0.23404255319148937;0.10091743119266056;19;41
45;0.5921052631578947;0.46875;61;62
27;0.2872340425531915;0.18493150684931506;29;94
3;0.03225806451612903;0.01764705882352941;4;94
8;0.125;0.0625;17;57
5;0.1724137931034483;0.04854368932038835;7;29
16;0.22535211267605634;0.12030075187969924;19;70
15;0.24193548387096775;0.12096774193548387;19;60
31;0.2605042016806723;0.18674698795180722;34;118
16;0.6666666666666666;0.18823529411764706;20;22
25;0.33783783783783783;0.21929824561403508;41;60
9;0.09;0.05263157894736842;10;101
0;0.0;0;1;60
2;0.029411764705882353;0.013793103448275862;4;68
3;0.375;0.03614457831325301;6;7
24;0.2962962962962963;0.18045112781954886;29;78
18;0.20930232558139536;0.12162162162162163;19;87
4;0.04;0.022727272727272728;5;101
1;0.014925373134328358;0.00684931506849315;2;68
0;0.0;0;1;118
24;0.2033898305084746;0.16901408450704225;57;87
36;0.3870967741935484;0.27692307692307694;44;87
2;1.0;0.025;3;3
6;0.075;0.039735099337748346;10;78
17;0.27419354838709675;0.13709677419354838;19;62
2;0.017094017094017096;0.010256410256410256;3;118
2;1.0;0.025;3;3
22;0.4782608695652174;0.2222222222222222;28;42
20;0.37735849056603776;0.17857142857142858;22;53
33;0.2972972972972973;0.24812030075187969;59;87
42;0.6176470588235294;0.40384615384615385;45;67
29;0.2396694214876033;0.17261904761904762;34;118
26;0.38235294117647056;0.22608695652173913;34;62
16;0.5161290322580645;0.17777777777777778;22;27
56;0.509090909090909;0.45161290322580644;67;101
48;0.41025641025641024;0.3221476510067114;49;118
16;0.26229508196721313;0.12903225806451613;18;61
12;0.21052631578947367;0.0975609756097561;15;56
7;0.07;0.04046242774566474;8;101
50;0.4854368932038835;0.4065040650406504;61;94
8;0.12121212121212122;0.057971014492753624;9;67
7;0.12280701754385964;0.0546875;10;56
12;0.24;0.10256410256410256;14;50
37;0.5285714285714286;0.37755102040816324;53;56
6;0.5454545454545454;0.07228915662650602;9;10
54;0.54;0.453781512605042;62;94
12;0.17142857142857143;0.09448818897637795;24;60
19;0.37254901960784315;0.17272727272727273;22;50
17;0.2786885245901639;0.13821138211382114;19;61
46;0.5476190476190477;0.44660194174757284;62;70
47;0.44761904761904764;0.373015873015873;60;94
28;0.24561403508771928;0.19310344827586207;50;94
6;0.05128205128205128;0.031413612565445025;7;118
8;0.13559322033898305;0.06153846153846154;10;59
8;0.09302325581395349;0.05063291139240506;9;87
21;0.3230769230769231;0.175;26;62
39;0.6290322580645161;0.41935483870967744;50;53
30;0.22058823529411764;0.17964071856287425;50;118
19;0.2878787878787879;0.14960629921259844;20;67
48;0.46153846153846156;0.36363636363636365;53;101
22;0.6285714285714286;0.23655913978494625;23;36
13;0.19117647058823528;0.09701492537313433;15;68
17;0.37777777777777777;0.1588785046728972;19;45
14;0.11864406779661017;0.07650273224043716;16;118
38;0.5671641791044776;0.36893203883495146;45;62
27;0.4090909090909091;0.2647058823529412;45;50
22;0.4230769230769231;0.2222222222222222;34;42
35;0.6363636363636364;0.3723404255319149;42;50
40;0.3252032520325203;0.25477707006369427;47;118
1;0.02127659574468085;0.007936507936507936;2;48
14;0.17073170731707318;0.0979020979020979;20;78
24;0.48;0.24742268041237114;34;42
5;0.16666666666666666;0.04854368932038835;8;29
1;0.010752688172043012;0.005813953488372093;2;94
26;0.7428571428571429;0.2988505747126437;29;34
18;0.4090909090909091;0.17647058823529413;23;41
48;0.5106382978723404;0.41379310344827586;59;85
3;0.3;0.034482758620689655;4;11
15;0.22388059701492538;0.11363636363636363;16;68
15;0.3;0.13392857142857142;19;48
1;0.011627906976744186;0.006060606060606061;2;87
18;0.34615384615384615;0.15789473684210525;19;53
39;0.5492957746478874;0.35454545454545455;42;70
12;0.2608695652173913;0.11650485436893204;24;36
27;0.2872340425531915;0.18493150684931506;29;94
13;0.1368421052631579;0.08125;16;94
3;0.021739130434782608;0.013953488372093023;4;139
17;0.1223021582733813;0.0845771144278607;19;139
13;0.21666666666666667;0.10317460317460317;15;60
16;0.16326530612244897;0.10191082802547771;22;94
24;0.43636363636363634;0.23300970873786409;33;48
7;0.11666666666666667;0.05303030303030303;9;60
16;0.17777777777777778;0.10666666666666667;21;87
20;0.24096385542168675;0.1724137931034483;48;57
0;0.0;0;1;68
10;0.16129032258064516;0.078125;15;59
6;0.1;0.045112781954887216;8;60
6;0.10714285714285714;0.046511627906976744;8;56
6;0.10526315789473684;0.046511627906976744;9;56
17;0.7391304347826086;0.20238095238095238;20;22
25;0.3968253968253968;0.24509803921568626;42;48
2;0.4;0.024390243902439025;4;5
11;0.15492957746478872;0.07971014492753623;14;70
39;0.6;0.40625;50;56
11;0.12643678160919541;0.07096774193548387;13;87
31;0.22142857142857142;0.1657754010695187;34;139
35;0.3888888888888889;0.3125;59;68
16;0.3137254901960784;0.14545454545454545;22;47
17;0.25757575757575757;0.13178294573643412;18;67
12;0.1411764705882353;0.07894736842105263;14;85
54;0.38571428571428573;0.3776223776223776;78;118
31;0.43661971830985913;0.2627118644067797;34;70
24;0.47058823529411764;0.22857142857142856;27;50
19;0.3114754098360656;0.15966386554621848;23;59
7;0.07446808510638298;0.04216867469879518;9;94
20;0.14285714285714285;0.10101010101010101;23;139
33;0.35106382978723405;0.25190839694656486;44;85
6;0.8571428571428571;0.07407407407407407;7;8
37;0.3008130081300813;0.27205882352941174;68;94
10;0.13513513513513514;0.07936507936507936;29;57
5;0.036231884057971016;0.023474178403755867;6;139
20;0.18518518518518517;0.125;29;101
1;1.0;0.0125;2;2
21;0.3181818181818182;0.175;27;62
11;0.15714285714285714;0.088;26;57
7;0.7777777777777778;0.08536585365853659;8;10
45;0.4368932038834951;0.3515625;56;94
19;0.13768115942028986;0.09547738693467336;20;139
1;0.01;0.00558659217877095;2;101
2;0.07142857142857142;0.018867924528301886;3;29
26;0.5652173913043478;0.2765957446808511;33;41
5;0.053763440860215055;0.02976190476190476;6;94
7;0.14285714285714285;0.05737704918032787;8;50
34;0.40476190476190477;0.2764227642276423;42;78
28;0.4307692307692308;0.24778761061946902;33;62
42;0.5526315789473685;0.3925233644859813;50;70
6;0.06;0.034482758620689655;7;101
10;0.22727272727272727;0.09090909090909091;15;41
1;0.058823529411764705;0.010416666666666666;2;18
3;0.1875;0.03296703296703297;6;15
35;0.5303030303030303;0.35;47;56
16;0.12903225806451613;0.0975609756097561;41;101
31;0.62;0.34444444444444444;41;42
0;0.0;0;1;24
35;0.2713178294573643;0.21604938271604937;48;118
42;0.5753424657534246;0.42857142857142855;56;61
15;0.189873417721519;0.1056338028169014;18;78
7;0.0945945945945946;0.05;15;68
5;0.16666666666666666;0.04854368932038835;8;29
4;0.4444444444444444;0.04819277108433735;7;8
10;0.16393442622950818;0.078125;14;59
8;0.0851063829787234;0.048484848484848485;10;94
28;0.509090909090909;0.29473684210526313;41;44
2;0.08695652173913043;0.019801980198019802;3;24
6;0.06976744186046512;0.0375;7;87
31;0.3263157894736842;0.21830985915492956;34;94
3;0.043478260869565216;0.020833333333333332;6;68
16;0.32;0.1415929203539823;18;50
6;0.06315789473684211;0.03592814371257485;9;94
7;0.1590909090909091;0.06140350877192982;11;42
9;0.0967741935483871;0.054878048780487805;10;94
16;0.23880597014925373;0.128;23;62
28;0.32558139534883723;0.2028985507246377;29;87
28;0.32941176470588235;0.23529411764705882;47;68
59;0.4068965517241379;0.3710691823899371;67;139
10;0.20833333333333334;0.08620689655172414;13;47
7;0.07692307692307693;0.044585987261146494;15;85
7;0.08860759493670886;0.05343511450381679;29;59
23;0.5227272727272727;0.23469387755102042;27;42
3;0.075;0.02564102564102564;4;41
5;0.08196721311475409;0.03731343283582089;8;60
2;0.15384615384615385;0.02197802197802198;3;14
4;0.19047619047619047;0.042105263157894736;7;20
21;0.17796610169491525;0.11931818181818182;23;118
30;0.25210084033613445;0.2097902097902098;57;94
6;0.75;0.07317073170731707;7;9
8;0.09195402298850575;0.05063291139240506;10;87
2;0.05;0.01694915254237288;3;41
18;0.32142857142857145;0.15384615384615385;20;56
8;0.2;0.07142857142857142;9;41
3;0.2727272727272727;0.034482758620689655;5;11
7;0.06862745098039216;0.04046242774566474;10;101
15;0.1271186440677966;0.08241758241758242;17;118
35;0.28688524590163933;0.21604938271604937;41;118
31;0.31313131313131315;0.23308270676691728;47;85
0;0.0;0;1;87
1;1.0;0.0125;2;2
39;0.3277310924369748;0.2468354430379747;42;118
7;0.11290322580645161;0.05263157894736842;10;61
4;0.06349206349206349;0.02962962962962963;9;60
34;0.29310344827586204;0.26153846153846155;67;85
4;0.043010752688172046;0.023668639053254437;5;94
32;0.6274509803921569;0.3333333333333333;36;49
32;0.3137254901960784;0.21621621621621623;35;101
30;0.46875;0.2702702702702703;34;62
0;0.0;0;1;53
8;0.08333333333333333;0.048484848484848485;12;94
26;0.32098765432098764;0.21487603305785125;41;68
13;0.1511627906976744;0.08609271523178808;16;85
24;0.35294117647058826;0.20869565217391303;34;60
4;0.06060606060606061;0.028169014084507043;5;67
27;0.4090909090909091;0.226890756302521;28;67
25;0.44642857142857145;0.24271844660194175;34;49
6;0.04316546762589928;0.02830188679245283;8;139
2;0.3333333333333333;0.024096385542168676;4;6
6;0.3;0.06593406593406594;10;18
32;0.2831858407079646;0.24242424242424243;62;85
36;0.6545454545454545;0.4;46;47
25;0.3246753246753247;0.21551724137931033;42;62
3;0.058823529411764705;0.023809523809523808;6;50
4;0.06666666666666667;0.030303030303030304;9;57
21;0.2876712328767123;0.1640625;26;70
7;0.7777777777777778;0.08536585365853659;8;10
12;0.12371134020618557;0.07453416149068323;17;94
2;0.1111111111111111;0.020833333333333332;3;19
32;0.3902439024390244;0.3018867924528302;57;59
6;0.06382978723404255;0.03592814371257485;8;94
20;0.24390243902439024;0.145985401459854;26;78
76;0.6909090909090909;0.7307692307692307;87;101
1;0.2;0.011904761904761904;2;6
13;0.4642857142857143;0.14130434782608695;17;26
4;0.2;0.0425531914893617;7;19
22;0.18803418803418803;0.12571428571428572;23;118
40;0.5333333333333333;0.37383177570093457;49;68
18;0.1276595744680851;0.09;22;139
11;0.18032786885245902;0.08661417322834646;15;59
16;0.2857142857142857;0.13793103448275862;21;53
17;0.2833333333333333;0.15178571428571427;29;50
8;0.057971014492753624;0.0380952380952381;9;139
41;0.6507936507936508;0.43617021276595747;50;56
1;0.008547008547008548;0.00510204081632653;2;118
14;0.24561403508771928;0.11475409836065574;16;57
20;0.32786885245901637;0.16666666666666666;22;61
17;0.34;0.15178571428571427;19;50
15;0.17857142857142858;0.10067114093959731;16;85
16;0.1509433962264151;0.0975609756097561;23;101
3;0.057692307692307696;0.023809523809523808;7;50
6;0.1016949152542373;0.045454545454545456;8;59
2;0.04081632653061224;0.015748031496062992;3;50
3;0.04918032786885246;0.021739130434782608;4;62
40;0.45977011494252873;0.31746031746031744;42;87
26;0.3466666666666667;0.21487603305785125;35;68
4;0.14285714285714285;0.038461538461538464;5;29
15;0.3;0.13392857142857142;19;48
35;0.3211009174311927;0.2713178294573643;61;85
20;0.29850746268656714;0.1652892561983471;27;62
14;0.2545454545454545;0.11864406779661017;18;53
7;0.10606060606060606;0.050359712230215826;8;67
18;0.1935483870967742;0.11612903225806452;19;94
9;0.0967741935483871;0.054878048780487805;10;94
48;0.34532374100719426;0.2823529411764706;50;139
3;0.04411764705882353;0.020833333333333332;5;68
19;0.2835820895522388;0.1484375;20;68
26;0.18571428571428572;0.13541666666666666;29;139
2;0.03571428571428571;0.014925373134328358;3;57
30;0.36585365853658536;0.23622047244094488;36;78
9;0.5;0.10112359550561797;10;19
35;0.3804347826086957;0.3153153153153153;62;67
7;0.07;0.04046242774566474;8;101
2;0.09090909090909091;0.02127659574468085;9;17
1;0.07142857142857142;0.010752688172043012;2;15
2;0.6666666666666666;0.024691358024691357;3;4
2;0.15384615384615385;0.02197802197802198;3;14
21;0.2692307692307692;0.17796610169491525;41;60
16;0.8;0.1951219512195122;19;19
7;0.06930693069306931;0.04046242774566474;9;101
51;0.4636363636363636;0.3953488372093023;62;101
3;0.6;0.036585365853658534;4;6
21;0.3387096774193548;0.1794871794871795;26;59
6;0.10344827586206896;0.046511627906976744;10;56
7;0.3888888888888889;0.07692307692307693;8;19
0;0.0;0;1;60
18;0.6428571428571429;0.2;19;29
2;0.01680672268907563;0.010256410256410256;5;118
7;0.08974358974358974;0.04666666666666667;9;78
33;0.2391304347826087;0.1783783783783784;34;139
16;0.3137254901960784;0.1415929203539823;19;50
3;0.04838709677419355;0.021739130434782608;5;62
15;0.25862068965517243;0.12195121951219512;16;59
27;0.2903225806451613;0.18493150684931506;28;94
15;0.35714285714285715;0.15;23;36
23;0.3484848484848485;0.19491525423728814;29;62
1;0.010752688172043012;0.005813953488372093;2;94
28;0.42424242424242425;0.23728813559322035;29;67
7;0.050359712230215826;0.03317535545023697;9;139
17;0.27419354838709675;0.13709677419354838;19;62
34;0.2905982905982906;0.2085889570552147;35;118
6;0.06451612903225806;0.03592814371257485;7;94
1;0.03571428571428571;0.009345794392523364;2;29
14;0.14432989690721648;0.0880503144654088;19;94
16;0.16161616161616163;0.10191082802547771;23;94
3;0.23076923076923078;0.03333333333333333;4;14
2;0.16666666666666666;0.022988505747126436;6;10
2;0.6666666666666666;0.024691358024691357;3;4
3;0.021739130434782608;0.013953488372093023;4;139
58;0.5631067961165048;0.5471698113207547;78;85
7;0.050359712230215826;0.03317535545023697;9;139
6;0.12244897959183673;0.04878048780487805;7;50
10;0.11627906976744186;0.0641025641025641;11;87
5;0.2631578947368421;0.053763440860215055;7;19
3;0.02564102564102564;0.015463917525773196;4;118
51;0.34459459459459457;0.30538922155688625;62;139
5;0.0423728813559322;0.026041666666666668;7;118
8;0.11940298507462686;0.057971014492753624;10;67
1;0.017241379310344827;0.0072992700729927005;2;59
33;0.4852941176470588;0.308411214953271;42;61
1;0.125;0.011494252873563218;2;9
5;0.11627906976744186;0.04310344827586207;8;42
18;0.3673469387755102;0.16216216216216217;19;50
7;0.175;0.061946902654867256;8;41
30;0.4918032786885246;0.2830188679245283;36;57
50;0.5208333333333334;0.43103448275862066;61;87
28;0.3181818181818182;0.20588235294117646;33;85
11;0.19298245614035087;0.09090909090909091;17;53
4;0.05555555555555555;0.027972027972027972;10;68
4;0.1;0.034482758620689655;5;41
11;0.3055555555555556;0.10679611650485436;14;35
14;0.2413793103448276;0.11570247933884298;18;56
8;0.34782608695652173;0.08791208791208792;13;20
15;0.3125;0.13636363636363635;19;46
24;0.5217391304347826;0.24;27;45
11;0.13095238095238096;0.0718954248366013;12;85
14;0.20588235294117646;0.1111111111111111;23;61
26;0.4;0.23214285714285715;34;59
3;0.021739130434782608;0.013953488372093023;4;139
40;0.7142857142857143;0.42105263157894735;42;56
16;0.1839080459770115;0.10666666666666667;18;87
11;0.12087912087912088;0.0718954248366013;19;85
35;0.35353535353535354;0.2536231884057971;42;94
1;0.014925373134328358;0.00684931506849315;2;68
17;0.3469387755102041;0.16346153846153846;26;42
6;0.043478260869565216;0.02830188679245283;7;139
24;0.2962962962962963;0.21428571428571427;50;57
26;0.40625;0.2524271844660194;42;50
32;0.3950617283950617;0.3018867924528302;56;59
1;0.3333333333333333;0.012195121951219513;2;4
80;0.5298013245033113;0.5797101449275363;94;139
28;0.4745762711864407;0.2616822429906542;33;56
3;0.03488372093023256;0.018404907975460124;4;87
21;0.2441860465116279;0.14482758620689656;22;87
7;0.11864406779661017;0.05343511450381679;9;59
7;0.04697986577181208;0.03317535545023697;19;139
0;0.0;0;1;87
12;0.10256410256410256;0.06486486486486487;13;118
27;0.35064935064935066;0.25;50;56
25;0.29069767441860467;0.17985611510791366;28;85
13;0.8666666666666667;0.15853658536585366;14;16
3;0.057692307692307696;0.023255813953488372;4;53
51;0.40476190476190477;0.3493150684931507;61;118
6;0.09090909090909091;0.045454545454545456;15;59
7;0.1206896551724138;0.05343511450381679;8;59
2;0.02127659574468085;0.011695906432748537;4;94
16;0.2962962962962963;0.14285714285714285;23;49
10;0.18181818181818182;0.08403361344537816;17;50
47;0.376;0.31333333333333335;56;118
8;0.4444444444444444;0.08888888888888889;9;19
6;0.06451612903225806;0.03592814371257485;7;94
6;0.06;0.034482758620689655;7;101
3;0.02564102564102564;0.015463917525773196;4;118
28;0.3146067415730337;0.20588235294117646;34;85
10;0.24390243902439024;0.09523809523809523;17;36
17;0.1827956989247312;0.10897435897435898;18;94
18;0.3050847457627119;0.16216216216216217;29;50
11;0.2;0.09090909090909091;15;53
7;0.2916666666666667;0.07446808510638298;11;22
4;0.08;0.032520325203252036;8;48
4;0.15384615384615385;0.0392156862745098;5;27
13;0.2708333333333333;0.11818181818181818;19;44
5;0.38461538461538464;0.058823529411764705;9;11
19;0.25333333333333335;0.14960629921259844;29;67
7;0.07446808510638298;0.04216867469879518;9;94
1;0.09090909090909091;0.011494252873563218;5;9
6;0.12244897959183673;0.04918032786885246;8;49
21;0.25;0.15441176470588236;29;78
11;0.1864406779661017;0.08661417322834646;13;59
42;0.3111111111111111;0.32061068702290074;85;94
21;0.42857142857142855;0.19626168224299065;23;49
10;0.2;0.08849557522123894;18;44
13;0.18571428571428572;0.09558823529411764;15;70
40;0.35398230088495575;0.3225806451612903;70;85
3;0.75;0.037037037037037035;4;5
5;0.3125;0.054945054945054944;6;17
58;0.4142857142857143;0.3625;61;139
2;0.3333333333333333;0.024096385542168676;4;6
3;0.08571428571428572;0.02727272727272727;6;34
8;0.06837606837606838;0.042328042328042326;9;118
26;0.21138211382113822;0.17687074829931973;57;94
7;0.08974358974358974;0.05;19;68
5;0.5;0.05952380952380952;7;10
25;0.43859649122807015;0.22727272727272727;28;56
0;0.0;0;1;4
27;0.28421052631578947;0.225;56;68
0;0.0;0;1;118
12;0.08695652173913043;0.05825242718446602;13;139
6;0.5;0.07228915662650602;10;10
6;0.043478260869565216;0.02830188679245283;7;139
27;0.2872340425531915;0.18493150684931506;29;94
32;0.3333333333333333;0.24242424242424243;45;85
2;0.025974025974025976;0.012903225806451613;3;78
18;0.2903225806451613;0.14634146341463414;20;62
4;0.06153846153846154;0.029197080291970802;9;62
23;0.4339622641509434;0.2169811320754717;28;50
18;0.391304347826087;0.16822429906542055;20;46
17;0.19767441860465115;0.11409395973154363;18;87
21;0.35;0.17796610169491525;23;60
2;0.03278688524590164;0.014388489208633094;3;62
4;0.06896551724137931;0.029850746268656716;5;59
27;0.2288135593220339;0.1588235294117647;29;118
37;0.6607142857142857;0.40217391304347827;45;50
28;0.37333333333333335;0.2545454545454545;46;59
2;0.14285714285714285;0.021739130434782608;3;15
15;0.35714285714285715;0.14285714285714285;18;41
0;0.0;0;1;85
13;0.14942528735632185;0.08609271523178808;17;85
2;0.14285714285714285;0.022988505747126436;8;10
43;0.6142857142857143;0.4056603773584906;45;70
24;0.4;0.24242424242424243;42;44
2;0.125;0.02127659574468085;3;17
58;0.48739495798319327;0.5043478260869565;85;94
47;0.6911764705882353;0.5053763440860215;56;61
3;0.14285714285714285;0.030927835051546393;5;21
40;0.40404040404040403;0.3007518796992481;47;94
2;0.021505376344086023;0.011695906432748537;3;94
28;0.2028985507246377;0.14736842105263157;29;139
30;0.5357142857142857;0.3157894736842105;42;46
7;0.08974358974358974;0.04666666666666667;9;78
19;0.38;0.18095238095238095;26;45
2;0.03278688524590164;0.014388489208633094;3;62
26;0.3611111111111111;0.23214285714285715;41;59
6;0.043478260869565216;0.02830188679245283;7;139
27;0.4909090909090909;0.25;28;56
2;0.2857142857142857;0.023529411764705882;3;8
8;0.8888888888888888;0.09876543209876543;9;10
10;0.4;0.10989010989010989;15;22
8;0.1038961038961039;0.053691275167785234;9;78
3;0.04838709677419355;0.022556390977443608;10;57
41;0.3416666666666667;0.26282051282051283;45;118
11;0.5;0.125;15;20
2;0.05;0.01694915254237288;3;41
39;0.3577981651376147;0.2765957446808511;49;101
8;0.19047619047619047;0.07547169811320754;17;35
38;0.38;0.2814814814814815;46;94
9;0.391304347826087;0.10112359550561797;15;19
15;0.22058823529411764;0.11450381679389313;18;67
11;0.1746031746031746;0.088;19;57
16;0.3018867924528302;0.1415929203539823;21;50
2;0.014492753623188406;0.009259259259259259;3;139
10;0.3225806451612903;0.10416666666666667;16;27
41;0.5774647887323944;0.41414141414141414;53;61
21;0.17796610169491525;0.11931818181818182;23;118
26;0.27956989247311825;0.21487603305785125;53;68
2;0.08695652173913043;0.019801980198019802;3;24
12;0.19672131147540983;0.09375;14;61
13;0.24528301886792453;0.11304347826086956;19;49
77;0.4782608695652174;0.5460992907801419;101;139
16;0.38095238095238093;0.1523809523809524;18;42
9;0.45;0.10465116279069768;15;16
33;0.4583333333333333;0.3055555555555556;45;62
23;0.34328358208955223;0.20353982300884957;35;57
6;0.6666666666666666;0.07228915662650602;7;10
31;0.38271604938271603;0.2627118644067797;44;70
66;0.4177215189873418;0.4342105263157895;87;139
28;0.32558139534883723;0.25225225225225223;56;60
38;0.3064516129032258;0.2389937106918239;46;118
15;0.6818181818181818;0.1724137931034483;16;23
17;0.34;0.15178571428571427;19;50
19;0.3333333333333333;0.16379310344827586;22;56
5;0.0847457627118644;0.03759398496240601;7;59
40;0.5405405405405406;0.3669724770642202;46;70
31;0.30392156862745096;0.2080536912751678;34;101
2;0.05;0.01694915254237288;3;41
26;0.2736842105263158;0.17687074829931973;29;94
11;0.09401709401709402;0.05913978494623656;12;118
27;0.46551724137931033;0.2755102040816326;41;46
6;0.08695652173913043;0.04195804195804196;7;70
6;0.05128205128205128;0.031413612565445025;7;118
30;0.4166666666666667;0.2777777777777778;45;59
44;0.41904761904761906;0.3235294117647059;50;101
6;0.2727272727272727;0.0625;7;23
3;0.06;0.023809523809523808;5;50
9;0.5;0.10112359550561797;10;19
8;0.08;0.046511627906976744;9;101
34;0.5230769230769231;0.3469387755102041;48;53
9;0.06474820143884892;0.0430622009569378;11;139
4;0.02877697841726619;0.018691588785046728;6;139
0;0.0;0;1;78
36;0.5901639344262295;0.375;46;53
3;0.03488372093023256;0.018404907975460124;4;87
21;0.25;0.14685314685314685;22;85
5;0.3125;0.056179775280898875;8;15
28;0.4307692307692308;0.25;34;61
10;0.16393442622950818;0.08;17;56
11;0.125;0.07096774193548387;14;87
2;0.6666666666666666;0.024691358024691357;3;4
18;0.3157894736842105;0.15384615384615385;21;56
20;0.3333333333333333;0.16806722689075632;22;60
13;0.28888888888888886;0.12037037037037036;18;42
1;0.125;0.011494252873563218;2;9
1;0.010752688172043012;0.005813953488372093;2;94
36;0.22784810126582278;0.1978021978021978;57;139
5;0.08620689655172414;0.03759398496240601;6;59
13;0.13978494623655913;0.08125;14;94
12;0.1188118811881188;0.07142857142857142;14;101
15;0.234375;0.11904761904761904;19;62
3;0.3333333333333333;0.03488372093023256;4;10
4;0.13333333333333333;0.0425531914893617;17;19
28;0.39436619718309857;0.2545454545454545;42;59
1;0.014925373134328358;0.00684931506849315;2;68
14;0.22950819672131148;0.11570247933884298;21;56
19;0.2261904761904762;0.1310344827586207;20;85
2;0.3333333333333333;0.024096385542168676;4;6
42;0.4421052631578947;0.3652173913043478;61;78
13;0.14942528735632185;0.09027777777777778;24;78
16;0.25806451612903225;0.128;18;62
9;0.09;0.05263157894736842;10;101
25;0.38461538461538464;0.22123893805309736;33;59
37;0.2846153846153846;0.25874125874125875;68;101
9;0.3103448275862069;0.09278350515463918;13;27
10;0.16129032258064516;0.078125;15;59
22;0.44;0.21359223300970873;28;46
12;0.1935483870967742;0.09302325581395349;14;62
4;0.047619047619047616;0.025;5;85
33;0.3113207547169811;0.25190839694656486;56;85
10;0.18867924528301888;0.08547008547008547;17;48
22;0.3013698630136986;0.1864406779661017;36;61
41;0.39805825242718446;0.35344827586206895;68;78
2;0.07142857142857142;0.018867924528301886;3;29
11;0.22448979591836735;0.09401709401709402;13;49
38;0.6785714285714286;0.4175824175824176;46;50
14;0.34146341463414637;0.1320754716981132;16;41
12;0.12631578947368421;0.07453416149068323;15;94
8;0.08;0.046511627906976744;9;101
17;0.1440677966101695;0.09444444444444444;19;118
6;0.043478260869565216;0.02830188679245283;7;139
11;0.12643678160919541;0.0718954248366013;15;85
7;0.15555555555555556;0.05982905982905983;9;45
0;0.0;0;2;3
27;0.38571428571428573;0.22131147540983606;29;70
29;0.42028985507246375;0.27358490566037735;44;56
7;0.23333333333333334;0.06930693069306931;10;29
27;0.4153846153846154;0.2647058823529412;44;50
15;0.4166666666666667;0.15;17;36
9;0.06521739130434782;0.0430622009569378;10;139
25;0.4032258064516129;0.21551724137931033;27;62
38;0.37254901960784315;0.2814814814814815;48;94
16;0.16842105263157894;0.10191082802547771;19;94
11;0.11578947368421053;0.06790123456790123;14;94
10;0.4166666666666667;0.11363636363636363;17;19
21;0.3088235294117647;0.1826086956521739;34;57
14;0.2153846153846154;0.11475409836065574;24;57
49;0.6447368421052632;0.5;59;68
11;0.07913669064748201;0.05314009661835749;13;139
18;0.13043478260869565;0.09;19;139
7;0.14;0.05737704918032787;9;50
17;0.7083333333333334;0.2;20;23
2;0.07692307692307693;0.019230769230769232;3;27
21;0.22580645161290322;0.13815789473684212;22;94
40;0.37383177570093457;0.2857142857142857;48;101
15;0.23809523809523808;0.12;19;61
12;0.09917355371900827;0.06486486486486487;17;118
19;0.2835820895522388;0.14960629921259844;21;67
6;0.0967741935483871;0.045454545454545456;11;59
80;0.5298013245033113;0.5797101449275363;94;139
30;0.3191489361702128;0.23622047244094488;48;78
1;0.019230769230769232;0.007633587786259542;2;53
12;0.3333333333333333;0.1276595744680851;23;27
21;0.42;0.20192307692307693;27;46
2;0.2222222222222222;0.023809523809523808;6;7
2;0.023255813953488372;0.012195121951219513;3;87
4;0.4;0.047619047619047616;7;9
37;0.6271186440677966;0.37755102040816324;42;56
14;0.2413793103448276;0.11475409836065574;17;57
3;0.2;0.033707865168539325;7;13
5;0.05747126436781609;0.031446540880503145;9;85
21;0.21875;0.15441176470588236;41;78
9;0.375;0.10227272727272728;17;18
8;0.4444444444444444;0.09195402298850575;12;16
37;0.3854166666666667;0.27205882352941174;41;94
4;0.06349206349206349;0.029850746268656716;10;59
5;0.08333333333333333;0.03731343283582089;7;60
3;0.03225806451612903;0.01764705882352941;4;94
3;0.021739130434782608;0.013953488372093023;4;139
3;0.3333333333333333;0.03529411764705882;5;9
2;0.07142857142857142;0.018867924528301886;3;29
40;0.6557377049180327;0.43478260869565216;50;53
20;0.3225806451612903;0.1652892561983471;22;62
0;0.0;0;1;94
9;0.10588235294117647;0.05806451612903226;11;85
18;0.15384615384615385;0.1005586592178771;19;118
4;0.1;0.034482758620689655;5;41
3;0.03571428571428571;0.018633540372670808;4;85
16;0.26229508196721313;0.12903225806451613;18;61
2;0.025974025974025976;0.012903225806451613;3;78
2;0.02127659574468085;0.011695906432748537;4;94
3;0.25;0.03488372093023256;7;10
10;0.2857142857142857;0.0970873786407767;13;34
31;0.3522727272727273;0.2818181818181818;59;62
32;0.367816091954023;0.29357798165137616;59;62
1;0.05;0.01098901098901099;10;13
19;0.3064516129032258;0.17757009345794392;36;47
22;0.6875;0.2558139534883721;27;29
37;0.2624113475177305;0.20441988950276244;41;139
6;0.043478260869565216;0.02830188679245283;7;139
2;0.07142857142857142;0.018867924528301886;3;29
26;0.5652173913043478;0.26;27;47
11;0.19642857142857142;0.08870967741935484;13;56
12;0.17647058823529413;0.08888888888888889;14;68
22;0.36065573770491804;0.1896551724137931;26;59
30;0.4166666666666667;0.2702702702702703;42;62
14;0.23728813559322035;0.11570247933884298;19;56
0;0.0;0;1;21
39;0.4020618556701031;0.291044776119403;44;94
6;0.0759493670886076;0.039735099337748346;9;78
5;0.29411764705882354;0.056818181818181816;10;14
49;0.3475177304964539;0.28994082840236685;53;139
13;0.11016949152542373;0.07065217391304347;15;118
4;0.2222222222222222;0.0425531914893617;5;19
8;0.09523809523809523;0.05128205128205128;9;85
5;0.25;0.053763440860215055;8;19
5;0.5555555555555556;0.05952380952380952;6;10
6;0.17142857142857143;0.056074766355140186;9;34
3;0.02142857142857143;0.013953488372093023;6;139
5;0.08928571428571429;0.03816793893129771;6;57
8;0.06837606837606838;0.042328042328042326;9;118
28;0.34146341463414637;0.24778761061946902;50;62
0;0.0;0;1;101
29;0.5471698113207547;0.29;34;50
6;0.05084745762711865;0.031413612565445025;8;118
24;0.5581395348837209;0.26666666666666666;34;35
21;0.2441860465116279;0.14482758620689656;22;87
18;0.391304347826087;0.16666666666666666;19;47
12;0.3333333333333333;0.11650485436893204;14;36
19;0.3064516129032258;0.15833333333333333;23;60
28;0.26666666666666666;0.20588235294117646;50;85
8;0.0851063829787234;0.048484848484848485;10;94
13;0.24528301886792453;0.11206896551724138;18;50
4;0.2222222222222222;0.043478260869565216;7;17
57;0.5533980582524272;0.4634146341463415;61;101
22;0.4074074074074074;0.21782178217821782;34;44
21;0.21;0.1320754716981132;22;101
0;0.0;0;1;60
4;0.5714285714285714;0.04878048780487805;6;7
25;0.423728813559322;0.2336448598130841;33;53
2;0.14285714285714285;0.021739130434782608;3;15
29;0.3918918918918919;0.27358490566037735;49;56
19;0.1357142857142857;0.09547738693467336;22;139
18;0.15;0.1005586592178771;22;118
0;0.0;0;2;2
3;0.5;0.036585365853658534;5;6
29;0.31868131868131866;0.25892857142857145;60;62
14;0.2857142857142857;0.12280701754385964;16;49
18;0.20930232558139536;0.12162162162162163;19;87
20;0.43478260869565216;0.21505376344086022;34;34
1;0.024390243902439025;0.008403361344537815;3;41
38;0.3958333333333333;0.2814814814814815;42;94
2;0.14285714285714285;0.021739130434782608;3;15
14;0.24561403508771928;0.11570247933884298;17;56
11;0.3235294117647059;0.11956521739130435;23;24
22;0.3793103448275862;0.20952380952380953;34;48
37;0.45121951219512196;0.3557692307692308;59;62
1;1.0;0.0125;2;2
15;0.22388059701492538;0.11904761904761904;22;62
1;0.01639344262295082;0.007142857142857143;2;62
7;0.15555555555555556;0.0603448275862069;10;44
15;0.22388059701492538;0.11450381679389313;17;67
7;0.14285714285714285;0.061946902654867256;17;41
3;0.05;0.022222222222222223;6;59
13;0.08783783783783784;0.06341463414634146;24;139
7;0.7777777777777778;0.08536585365853659;8;10
26;0.3333333333333333;0.23008849557522124;46;60
0;0.0;0;1;94
34;0.5573770491803278;0.33663366336633666;41;56
10;0.45454545454545453;0.11235955056179775;14;20
28;0.28865979381443296;0.23728813559322035;60;67
5;0.21739130434782608;0.052083333333333336;8;22
15;0.14018691588785046;0.09090909090909091;23;101
1;1.0;0.0125;2;2
14;0.28;0.12280701754385964;17;49
13;0.09154929577464789;0.06341463414634146;18;139
9;0.14754098360655737;0.06923076923076923;12;60
24;0.39344262295081966;0.21052631578947367;28;59
35;0.38461538461538464;0.26717557251908397;41;87
47;0.6619718309859155;0.47474747474747475;53;67
15;0.2112676056338028;0.12;27;61
1;0.25;0.012195121951219513;3;4
33;0.5409836065573771;0.3113207547169811;36;60
39;0.5909090909090909;0.38613861386138615;46;61
1;0.01;0.00558659217877095;2;101
4;0.5;0.047619047619047616;5;9
1;0.010752688172043012;0.005813953488372093;2;94
4;0.03389830508474576;0.02072538860103627;6;118
13;0.15476190476190477;0.08609271523178808;14;85
30;0.3157894736842105;0.25210084033613445;57;70
8;0.08;0.046511627906976744;9;101
15;0.2;0.11363636363636363;24;68
6;0.043478260869565216;0.02830188679245283;7;139
2;0.6666666666666666;0.024691358024691357;3;4
8;0.13114754098360656;0.06015037593984962;9;62
21;0.3620689655172414;0.1794871794871795;22;59
3;0.2727272727272727;0.03488372093023256;6;10
11;0.4782608695652174;0.12222222222222222;14;22
2;0.0425531914893617;0.016;3;48
21;0.2625;0.1826086956521739;46;57
15;0.2459016393442623;0.12195121951219512;19;59
2;0.021505376344086023;0.011695906432748537;3;94
3;0.04285714285714286;0.02054794520547945;5;70
16;0.24615384615384617;0.13445378151260504;27;56
11;0.21153846153846154;0.09322033898305085;15;50
2;0.023809523809523808;0.012345679012345678;3;85
6;0.08955223880597014;0.0425531914893617;7;68
35;0.43209876543209874;0.33980582524271846;59;59
0;0.0;0;1;68
25;0.25252525252525254;0.17985611510791366;41;85
6;0.07058823529411765;0.0379746835443038;8;85
19;0.38;0.19791666666666666;35;36
9;0.07692307692307693;0.047872340425531915;10;118
25;0.3968253968253968;0.21551724137931033;28;62
18;0.20930232558139536;0.12162162162162163;19;87
16;0.18604651162790697;0.10810810810810811;19;85
1;0.07142857142857142;0.010752688172043012;2;15
2;0.15384615384615385;0.02197802197802198;3;14
11;0.20754716981132076;0.09401709401709402;17;49
9;0.16363636363636364;0.07142857142857142;10;56
15;0.1485148514851485;0.09090909090909091;17;101
4;0.36363636363636365;0.046511627906976744;6;11
29;0.2248062015503876;0.19205298013245034;59;101
0;0.0;0;1;118
18;0.3;0.1487603305785124;20;60
20;0.43478260869565216;0.19047619047619047;22;46
10;0.15873015873015872;0.07633587786259542;13;62
25;0.2976190476190476;0.17985611510791366;26;85
7;0.125;0.05426356589147287;8;57
13;0.20634920634920634;0.10236220472440945;17;61
4;0.4444444444444444;0.047619047619047616;6;9
14;0.22950819672131148;0.112;17;60
28;0.3684210526315789;0.24778761061946902;44;62
16;0.13675213675213677;0.08839779005524862;17;118
3;0.1875;0.03296703296703297;6;15
1;0.1111111111111111;0.011494252873563218;3;9
40;0.425531914893617;0.3007518796992481;42;94
22;0.4782608695652174;0.22448979591836735;29;41
6;0.75;0.07317073170731707;7;9
18;0.1978021978021978;0.1232876712328767;26;85
5;0.05319148936170213;0.02976190476190476;7;94
19;0.37254901960784315;0.1743119266055046;23;49
44;0.6984126984126984;0.4835164835164835;53;56
32;0.4266666666666667;0.3018867924528302;50;59
45;0.4326923076923077;0.3333333333333333;50;101
27;0.40298507462686567;0.23893805309734514;35;61
13;0.19402985074626866;0.09774436090225563;15;67
26;0.52;0.2524271844660194;28;50
5;0.053763440860215055;0.02976190476190476;6;94
25;0.5;0.25510204081632654;33;44
16;0.1568627450980392;0.0975609756097561;19;101
27;0.38571428571428573;0.22131147540983606;29;70
0;0.0;0;1;15
0;0.0;0;2;4
28;0.32558139534883723;0.25225225225225223;56;60
13;0.5909090909090909;0.15294117647058825;18;19
6;0.09090909090909091;0.04285714285714286;7;67
16;0.2711864406779661;0.13333333333333333;20;57
3;0.021739130434782608;0.013953488372093023;4;139
6;0.25;0.06315789473684211;10;22
3;0.05084745762711865;0.022222222222222223;5;59
1;0.3333333333333333;0.012195121951219513;2;4
31;0.4025974025974026;0.28440366972477066;49;61
0;0.0;0;1;118
1;0.03571428571428571;0.009345794392523364;2;29
33;0.4925373134328358;0.308411214953271;41;61
37;0.5692307692307692;0.3557692307692308;42;62
4;0.08888888888888889;0.03333333333333333;6;45
48;0.4948453608247423;0.384;53;94
17;0.3333333333333333;0.15178571428571427;20;50
6;0.10526315789473684;0.046153846153846156;8;57
32;0.41025641025641024;0.29357798165137616;50;62
2;0.15384615384615385;0.02197802197802198;3;14
16;0.16494845360824742;0.10191082802547771;21;94
6;0.13636363636363635;0.05128205128205128;8;44
27;0.5094339622641509;0.2571428571428571;29;53
2;0.3333333333333333;0.024096385542168676;4;6
46;0.32857142857142857;0.26744186046511625;49;139
33;0.35106382978723405;0.2357142857142857;35;94
50;0.5681818181818182;0.43103448275862066;53;87
6;0.6666666666666666;0.07228915662650602;7;10
2;0.014492753623188406;0.009259259259259259;3;139
3;0.05357142857142857;0.022556390977443608;4;57
5;0.10416666666666667;0.040983606557377046;7;48
32;0.4155844155844156;0.2962962962962963;50;61
5;0.625;0.06097560975609756;7;8
26;0.3939393939393939;0.21666666666666667;27;67
45;0.6164383561643836;0.4326923076923077;50;70
0;0.0;0;1;78
36;0.5294117647058824;0.36363636363636365;50;56
4;0.17391304347826086;0.04081632653061224;6;23
26;0.27956989247311825;0.17687074829931973;27;94
2;0.11764705882352941;0.02127659574468085;4;17
11;0.4074074074074074;0.11702127659574468;14;26
35;0.43209876543209874;0.330188679245283;56;62
14;0.24561403508771928;0.11570247933884298;17;56
51;0.7285714285714285;0.5368421052631579;56;67
6;0.06;0.034482758620689655;7;101
25;0.26595744680851063;0.16891891891891891;27;94
33;0.2357142857142857;0.1783783783783784;36;139
32;0.22857142857142856;0.17204301075268819;35;139
29;0.34523809523809523;0.26605504587155965;56;59
11;0.18032786885245902;0.0859375;14;60
11;0.18333333333333332;0.09649122807017543;27;46
6;0.2857142857142857;0.06382978723404255;8;21
27;0.3333333333333333;0.23684210526315788;48;62
0;0.0;0;3;6
18;0.4090909090909091;0.17647058823529413;23;41
4;0.03389830508474576;0.02072538860103627;6;118
0;0.0;0;2;3
13;0.1111111111111111;0.07065217391304347;14;118
24;0.42857142857142855;0.2222222222222222;29;53
39;0.7647058823529411;0.43333333333333335;42;50
2;0.03571428571428571;0.014925373134328358;3;57
17;0.1650485436893204;0.10429447852760736;21;101
17;0.3695652173913043;0.1574074074074074;19;46
3;0.058823529411764705;0.024193548387096774;8;48
4;0.36363636363636365;0.047058823529411764;7;10
25;0.390625;0.24271844660194175;42;49
17;0.2463768115942029;0.12878787878787878;18;70
2;0.25;0.023529411764705882;4;8
2;0.2222222222222222;0.022988505747126436;3;10
28;0.2028985507246377;0.14736842105263157;29;139
0;0.0;0;1;94
8;0.057971014492753624;0.0380952380952381;9;139
40;0.43478260869565216;0.31746031746031744;47;87
42;0.6;0.40384615384615385;47;67
11;0.5;0.12790697674418605;17;18
2;0.021505376344086023;0.011695906432748537;3;94
13;0.09420289855072464;0.06341463414634146;14;139
0;0.0;0;1;68
17;0.34;0.15315315315315314;20;49
3;0.021739130434782608;0.013953488372093023;4;139
4;0.5;0.04878048780487805;7;7
22;0.21359223300970873;0.13924050632911392;26;101
30;0.6382978723404256;0.3191489361702128;34;45
26;0.5531914893617021;0.2736842105263158;33;42
6;0.6666666666666666;0.07317073170731707;8;9
25;0.24752475247524752;0.16129032258064516;27;101
25;0.5681818181818182;0.2604166666666667;29;42
7;0.3333333333333333;0.07865168539325842;13;17
18;0.2608695652173913;0.13740458015267176;19;70
12;0.11650485436893204;0.07142857142857142;16;101
29;0.4027777777777778;0.25892857142857145;41;62
21;0.40384615384615385;0.19626168224299065;26;49
19;0.7916666666666666;0.2289156626506024;22;23
39;0.3611111111111111;0.30708661417322836;62;87
7;0.07446808510638298;0.04216867469879518;9;94
8;0.10256410256410256;0.06153846153846154;29;59
7;0.2916666666666667;0.07865168539325842;16;17
1;0.007246376811594203;0.004608294930875576;2;139
37;0.5362318840579711;0.3557692307692308;46;62
15;0.6521739130434783;0.1724137931034483;17;23
2;0.014388489208633094;0.009259259259259259;4;139
5;0.053763440860215055;0.02976190476190476;6;94
16;0.2807017543859649;0.13445378151260504;19;56
18;0.21686746987951808;0.14634146341463414;41;62
7;0.12727272727272726;0.0546875;8;56
46;0.7540983606557377;0.4946236559139785;49;60
2;0.06060606060606061;0.018867924528301886;8;29
2;0.034482758620689655;0.014925373134328358;5;57
51;0.5604395604395604;0.45132743362831856;59;85
6;0.09523809523809523;0.04477611940298507;10;61
7;0.06930693069306931;0.04046242774566474;9;101
16;0.21621621621621623;0.12030075187969924;22;70
4;0.4;0.047619047619047616;7;9
7;0.1044776119402985;0.050359712230215826;9;67
27;0.2903225806451613;0.19424460431654678;35;87
2;1.0;0.025;3;3
21;0.6;0.22340425531914893;22;36
43;0.46236559139784944;0.37719298245614036;60;78
18;0.4090909090909091;0.16981132075471697;19;45
29;0.3625;0.2265625;33;78
3;0.045454545454545456;0.02097902097902098;4;67
2;0.034482758620689655;0.014705882352941176;3;59
7;0.3684210526315789;0.07865168539325842;11;17
47;0.3357142857142857;0.27485380116959063;50;139
7;0.11475409836065574;0.061946902654867256;29;41
2;0.023255813953488372;0.012195121951219513;3;87
30;0.28846153846153844;0.22058823529411764;49;87
6;0.08955223880597014;0.0425531914893617;7;68
29;0.3670886075949367;0.2636363636363636;50;60
7;0.07291666666666667;0.04216867469879518;11;94
6;0.075;0.039735099337748346;10;78
2;0.02;0.011235955056179775;3;101
3;0.03571428571428571;0.018633540372670808;4;85
10;0.15151515151515152;0.07352941176470588;11;67
4;0.4444444444444444;0.047619047619047616;6;9
2;0.5;0.024390243902439025;3;5
0;0.0;0;1;29
37;0.6065573770491803;0.40217391304347827;50;50
35;0.2845528455284553;0.21604938271604937;42;118
0;0.0;0;1;118
2;0.021505376344086023;0.011695906432748537;3;94
29;0.42028985507246375;0.26605504587155965;41;59
49;0.4803921568627451;0.4260869565217391;68;85
52;0.5531914893617021;0.49523809523809526;70;78
2;0.25;0.024096385542168676;6;6
38;0.4935064935064935;0.34234234234234234;47;70
24;0.47058823529411764;0.22857142857142856;27;50
26;0.4727272727272727;0.23853211009174313;27;56
1;0.125;0.011627906976744186;3;8
3;0.2727272727272727;0.03529411764705882;7;9
6;0.06976744186046512;0.0379746835443038;9;85
8;0.16;0.06611570247933884;10;50
21;0.15217391304347827;0.1065989847715736;22;139
6;0.04316546762589928;0.02830188679245283;8;139
3;0.021739130434782608;0.013953488372093023;4;139
11;0.44;0.12087912087912088;15;23
0;0.0;0;1;17
35;0.49295774647887325;0.3153153153153153;41;67
4;0.4;0.047058823529411764;6;10
35;0.5223880597014925;0.3125;36;68
42;0.3;0.23863636363636365;45;139
2;0.6666666666666666;0.024691358024691357;3;4
6;0.2;0.058823529411764705;9;29
40;0.3508771929824561;0.3007518796992481;62;94
41;0.41;0.2949640287769784;42;101
30;0.30927835051546393;0.2097902097902098;35;94
6;0.1276595744680851;0.05;8;47
4;0.6666666666666666;0.04938271604938271;6;6
36;0.46153846153846156;0.35294117647058826;57;59
11;0.1864406779661017;0.088;15;57
7;0.10606060606060606;0.050359712230215826;8;67
1;0.3333333333333333;0.012195121951219513;2;4
1;0.03571428571428571;0.009345794392523364;2;29
10;0.3448275862068966;0.10416666666666667;14;27
25;0.4716981132075472;0.25;34;46
1;0.07142857142857142;0.011363636363636364;7;10
4;0.10810810810810811;0.039603960396039604;17;26
2;0.2;0.022988505747126436;4;10
31;0.7209302325581395;0.34444444444444444;34;42
1;0.3333333333333333;0.012195121951219513;2;4
35;0.3977272727272727;0.28688524590163933;47;78
7;0.050359712230215826;0.03317535545023697;9;139
12;0.24;0.10344827586206896;15;49
8;0.12307692307692308;0.06015037593984962;13;62
35;0.4166666666666667;0.2713178294573643;36;85
1;0.25;0.012195121951219513;3;4
1;0.03571428571428571;0.009345794392523364;2;29
3;0.058823529411764705;0.023809523809523808;6;50
16;0.37209302325581395;0.15384615384615385;20;41
5;0.5555555555555556;0.05952380952380952;6;10
16;0.13559322033898305;0.08839779005524862;18;118
14;0.2692307692307692;0.12173913043478261;18;50
39;0.38613861386138615;0.312;57;85
0;0.0;0;1;14
4;0.06666666666666667;0.029850746268656716;7;59
